Workbook

Sheet Stok Fisik
A1: Kode Produk | B1: Kategori | C1: Nama Barang | D1: Merk | E1: Jenis | F1: Status | G1: Stok | H1: Harga Modal | I1: Harga Jual | J1: Margin | K1: Margin (%)
A2: RJA-3-0001 | B2: AKSESORIS | C2: vivan VSPT04T PRO | D2: VIVAN | E2: TEMPERED GLASS | F2: =IF(G2="", "", IF(G2<=0, "Habis", IF(G2<=3, "Menipis", "Tersedia"))) -> Tersedia | G2: 5 | H2: 45000 | I2: 60000 | J2: =I2-H2 -> 15000 | K2: =J2/H2*100% -> 0.33333333
A3: RJA-ACOM-0001 | B3: AKSESORIS | C3: ACOME Microphone AWA-V7B Black | D3: ACOME | E3: BROADCAST | F3: =IF(G3="", "", IF(G3<=0, "Habis", IF(G3<=3, "Menipis", "Tersedia"))) -> Menipis | G3: 2 | H3: 145000 | I3: 220000 | J3: =I3-H3 -> 75000 | K3: =J3/H3*100% -> 0.51724138
A4: RJA-ACOM-0002 | B4: AKSESORIS | C4: ACOME ACC Mini Fan AF002 Dark Blue | D4: ACOME | E4: KIPAS | F4: =IF(G4="", "", IF(G4<=0, "Habis", IF(G4<=3, "Menipis", "Tersedia"))) -> Menipis | G4: 1 | H4: 87898 | I4: 170000 | J4: =I4-H4 -> 82102 | K4: =J4/H4*100% -> 0.93405993
A5: RJA-ACOM-0003 | B5: AKSESORIS | C5: ACOME TF CARD 32G TF WITH Package colourful | D5: ACOME | E5: MMC | F5: =IF(G5="", "", IF(G5<=0, "Habis", IF(G5<=3, "Menipis", "Tersedia"))) -> Menipis | G5: 1 | H5: 41766 | I5: 75179 | J5: =I5-H5 -> 33413 | K5: =J5/H5*100% -> 0.80000479
A6: RJA-ACOM-0004 | B6: AKSESORIS | C6: ACOME selfie stick SS07A black (SKU RJA-ACOM-0890) | D6: ACOME | E6: TRIPOD | F6: =IF(G6="", "", IF(G6<=0, "Habis", IF(G6<=3, "Menipis", "Tersedia"))) -> Menipis | G6: 2 | H6: 40000 | I6: 80000 | J6: =I6-H6 -> 40000 | K6: =J6/H6*100% -> 1
A7: RJA-ACOM-0005 | B7: AKSESORIS | C7: ACOME selfie stick SS07A black (SKU RJA-ACOM-0903) | D7: ACOME | E7: TRIPOD | F7: =IF(G7="", "", IF(G7<=0, "Habis", IF(G7<=3, "Menipis", "Tersedia"))) -> Menipis | G7: 1 | H7: 38899 | I7: 70018 | J7: =I7-H7 -> 31119 | K7: =J7/H7*100% -> 0.79999486
A8: RJA-ACOM-0006 | B8: AKSESORIS | C8: ACOME ACC Ows Earphone A21 Black (SKU RJA-ACOM-0927) | D8: ACOME | E8: TWS | F8: =IF(G8="", "", IF(G8<=0, "Habis", IF(G8<=3, "Menipis", "Tersedia"))) -> Menipis | G8: 2 | H8: 170000 | I8: 260000 | J8: =I8-H8 -> 90000 | K8: =J8/H8*100% -> 0.52941176
A9: RJA-ACOM-0007 | B9: AKSESORIS | C9: ACOME Tws Earphone Inpods AT03 Black (SKU RJA-ACOM-0928) | D9: ACOME | E9: TWS | F9: =IF(G9="", "", IF(G9<=0, "Habis", IF(G9<=3, "Menipis", "Tersedia"))) -> Menipis | G9: 1 | H9: 140530 | I9: 200000 | J9: =I9-H9 -> 59470 | K9: =J9/H9*100% -> 0.42318366
A10: RJA-ACOM-0008 | B10: AKSESORIS | C10: ACOME TWS Inpods AT09 Black (SKU RJA-ACOM-0931) | D10: ACOME | E10: TWS | F10: =IF(G10="", "", IF(G10<=0, "Habis", IF(G10<=3, "Menipis", "Tersedia"))) -> Menipis | G10: 1 | H10: 125000 | I10: 185000 | J10: =I10-H10 -> 60000 | K10: =J10/H10*100% -> 0.48
A11: RJA-ACOM-0009 | B11: AKSESORIS | C11: ACOME Tws Earphone Inpods AT03 Black (SKU RJA-ACOM-0932) | D11: ACOME | E11: TWS | F11: =IF(G11="", "", IF(G11<=0, "Habis", IF(G11<=3, "Menipis", "Tersedia"))) -> Menipis | G11: 1 | H11: 145000 | I11: 200000 | J11: =I11-H11 -> 55000 | K11: =J11/H11*100% -> 0.37931034
A12: RJA-ACOM-0010 | B12: AKSESORIS | C12: ACOME TWS Inpods AT09 Black (SKU RJA-ACOM-0941) | D12: ACOME | E12: TWS | F12: =IF(G12="", "", IF(G12<=0, "Habis", IF(G12<=3, "Menipis", "Tersedia"))) -> Menipis | G12: 1 | H12: 117000 | I12: 163800 | J12: =I12-H12 -> 46800 | K12: =J12/H12*100% -> 0.4
A13: RJA-ACOM-0011 | B13: AKSESORIS | C13: ACOME Tws Earphone Inpods AT03 Green | D13: ACOME | E13: TWS | F13: =IF(G13="", "", IF(G13<=0, "Habis", IF(G13<=3, "Menipis", "Tersedia"))) -> Menipis | G13: 1 | H13: 119365 | I13: 200000 | J13: =I13-H13 -> 80635 | K13: =J13/H13*100% -> 0.67553303
... A16: RJA-ADAP-0001 | B16: AKSESORIS | C16: ADAPTER 7IN1 TYPE C+ USB A GREY | D16: WELCOME | E16: ADAPTER | F16: =IF(G16="", "", IF(G16<=0, "Habis", IF(G16<=3, "Menipis", "Tersedia"))) -> Menipis | G16: 1 | H16: 67375 | I16: 110000 | J16: =I16-H16 -> 42625 | K16: =J16/H16*100% -> 0.63265306
A17: RJA-AKS-0001 | B17: AKSESORIS | C17: MOUSEPAD GAMER | D17: NO BRAND | E17: MOUSEPAD | F17: =IF(G17="", "", IF(G17<=0, "Habis", IF(G17<=3, "Menipis", "Tersedia"))) -> Menipis | G17: 1 | H17: 13500 | I17: 35000 | J17: 22500 | K17: 1.8
A18: RJA-ANTE-0001 | B18: AKSESORIS | C18: ANTENA AUX | D18: NO BRAND | E18: AUX | F18: =IF(G18="", "", IF(G18<=0, "Habis", IF(G18<=3, "Menipis", "Tersedia"))) -> Menipis | G18: 1 | H18: 10000 | I18: 20000 | J18: =I18-H18 -> 10000 | K18: =J18/H18*100% -> 1
A19: RJA-ARCB-0001 | B19: AKSESORIS | C19: ARC BBQ LIGHTER | D19: NO BRAND | E19: Aksesoris Lainnya | F19: =IF(G19="", "", IF(G19<=0, "Habis", IF(G19<=3, "Menipis", "Tersedia"))) -> Menipis | G19: 1 | H19: 12500 | I19: 25000 | J19: =I19-H19 -> 12500 | K19: =J19/H19*100% -> 1
A20: RJA-AUX2-0001 | B20: AKSESORIS | C20: AUX 2 IN 1 1,5 M | D20: NO BRAND | E20: AUX | F20: =IF(G20="", "", IF(G20<=0, "Habis", IF(G20<=3, "Menipis", "Tersedia"))) -> Menipis | G20: 3 | H20: 7000 | I20: 20000 | J20: =I20-H20 -> 13000 | K20: =J20/H20*100% -> 1.8571429
A21: RJA-AUX2-0002 | B21: AKSESORIS | C21: AUX 2 IN 1 1 M | D21: NO BRAND | E21: AUX | F21: =IF(G21="", "", IF(G21<=0, "Habis", IF(G21<=3, "Menipis", "Tersedia"))) -> Menipis | G21: 3 | H21: 6000 | I21: 15000 | J21: =I21-H21 -> 9000 | K21: =J21/H21*100% -> 1.5
A22: RJA-AUXA-0001 | B22: AKSESORIS | C22: AUX ACCESORIES | D22: NO BRAND | E22: AUX | F22: =IF(G22="", "", IF(G22<=0, "Habis", IF(G22<=3, "Menipis", "Tersedia"))) -> Tersedia | G22: 8 | H22: 6000 | I22: 25000 | J22: =I22-H22 -> 19000 | K22: =J22/H22*100% -> 3.1666667
A23: RJA-AUXA-0002 | B23: AKSESORIS | C23: AUX AV-005 1,5 | D23: NO BRAND | E23: AUX | F23: =IF(G23="", "", IF(G23<=0, "Habis", IF(G23<=3, "Menipis", "Tersedia"))) -> Tersedia | G23: 4 | H23: 7000 | I23: 20000 | J23: =I23-H23 -> 13000 | K23: =J23/H23*100% -> 1.8571429
A24: RJA-AUXA-0003 | B24: AKSESORIS | C24: AUX ALIEN | D24: ALIENS | E24: AUX | F24: =IF(G24="", "", IF(G24<=0, "Habis", IF(G24<=3, "Menipis", "Tersedia"))) -> Tersedia | G24: 5 | H24: 7500 | I24: 20000 | J24: =I24-H24 -> 12500 | K24: =J24/H24*100% -> 1.6666667
A25: RJA-AUXA-0004 | B25: AKSESORIS | C25: AUX AV-003 (SKU RJA-AUXA-0066) | D25: NO BRAND | E25: AUX AV-003 1,5 M | F25: =IF(G25="", "", IF(G25<=0, "Habis", IF(G25<=3, "Menipis", "Tersedia"))) -> Menipis | G25: 2 | H25: 5000 | I25: 15000 | J25: =I25-H25 -> 10000 | K25: =J25/H25*100% -> 2
A26: RJA-AUXA-0005 | B26: AKSESORIS | C26: AUX AV-003 (SKU RJA-AUXA-0067) | D26: NO BRAND | E26: AUX AV-003 1,5 M | F26: =IF(G26="", "", IF(G26<=0, "Habis", IF(G26<=3, "Menipis", "Tersedia"))) -> Menipis | G26: 2 | H26: 5000 | I26: 15000 | J26: =I26-H26 -> 10000 | K26: =J26/H26*100% -> 2
A27: RJA-AUXD-0001 | B27: AKSESORIS | C27: AUX DAP D-AU07 | D27: DAP | E27: AUX | F27: =IF(G27="", "", IF(G27<=0, "Habis", IF(G27<=3, "Menipis", "Tersedia"))) -> Menipis | G27: 1 | H27: 20000 | I27: 35000 | J27: =I27-H27 -> 15000 | K27: =J27/H27*100% -> 0.75
A28: RJA-AUXD-0002 | B28: AKSESORIS | C28: AUX DAP D-AU08 | D28: DAP | E28: AUX | F28: =IF(G28="", "", IF(G28<=0, "Habis", IF(G28<=3, "Menipis", "Tersedia"))) -> Menipis | G28: 1 | H28: 24000 | I28: 40000 | J28: =I28-H28 -> 16000 | K28: =J28/H28*100% -> 0.66666667
A29: RJA-AUXD-0003 | B29: AKSESORIS | C29: AUX DAP D-AU09 | D29: DAP | E29: AUX | F29: =IF(G29="", "", IF(G29<=0, "Habis", IF(G29<=3, "Menipis", "Tersedia"))) -> Menipis | G29: 2 | H29: 21500 | I29: 35000 | J29: =I29-H29 -> 13500 | K29: =J29/H29*100% -> 0.62790698
... A51: RJA-BLUE-0001 | B51: AKSESORIS | C51: BLUETOOTH BANDO MAX PRO2 | D51: NO BRAND | E51: BANDO | F51: =IF(G51="", "", IF(G51<=0, "Habis", IF(G51<=3, "Menipis", "Tersedia"))) -> Menipis | G51: 1 | H51: 75000 | I51: 150000 | J51: =I51-H51 -> 75000 | K51: =J51/H51*100% -> 1
A52: RJA-BLUE-0005 | B52: Aksesoris | C52: BLUETOOTH RECEIVER LENYES LR- 208 ( ADA MIC ) | D52: LENYES | E52: REECIEVER | F52: Menipis | G52: 2 | H52: 43500 | I52: 90000 | J52: 46500 | K52: 1.07
A53: RJA-BREK-0001 | B53: AKSESORIS | C53: BREKET MOTOR STANG | D53: NO BRAND | E53: HOLDER | F53: =IF(G53="", "", IF(G53<=0, "Habis", IF(G53<=3, "Menipis", "Tersedia"))) -> Menipis | G53: 3 | H53: 9500 | I53: 25000 | J53: =I53-H53 -> 15500 | K53: =J53/H53*100% -> 1.6315789
A54: RJA-CALC-0001 | B54: Aksesoris | C54: CALCULATOR AIMILO | D54: AIMILO | E54: AKSESORIS LAIN | F54: Menipis | G54: 2 | H54: 13500 | I54: 30000 | J54: 16500 | K54: 1.22
A55: RJA-CANO-0001 | B55: Aksesoris | C55: CAN OPENER | D55: No Brand | E55: AKSESORIS LAIN | F55: Menipis | G55: 1 | H55: 13500 | I55: 20000 | J55: 6500 | K55: 0.48
A56: RJA-CARC-0001 | B56: AKSESORIS | C56: Car Charger Iphone USB-C 20W | D56: IPHONE | E56: CAR CHARGER | F56: =IF(G56="", "", IF(G56<=0, "Habis", IF(G56<=3, "Menipis", "Tersedia"))) -> Menipis | G56: 2 | H56: 30000 | I56: 60000 | J56: =I56-H56 -> 30000 | K56: =J56/H56*100% -> 1
A57: RJA-CARC-0002 | B57: AKSESORIS | C57: CAR CHARGER DAP D-CCP2 | D57: DAP | E57: CAR CHARGER | F57: =IF(G57="", "", IF(G57<=0, "Habis", IF(G57<=3, "Menipis", "Tersedia"))) -> Menipis | G57: 1 | H57: 58750 | I57: 95000 | J57: =I57-H57 -> 36250 | K57: =J57/H57*100% -> 0.61702128
A58: RJA-CARC-0003 | B58: AKSESORIS | C58: CAR CHARGER DAP D-CC10M | D58: DAP | E58: CAR CHARGER | F58: =IF(G58="", "", IF(G58<=0, "Habis", IF(G58<=3, "Menipis", "Tersedia"))) -> Menipis | G58: 1 | H58: 61500 | I58: 100000 | J58: =I58-H58 -> 38500 | K58: =J58/H58*100% -> 0.62601626
A59: RJA-CARC-0004 | B59: AKSESORIS | C59: CAR CHARGER DAP D-CC45 | D59: DAP | E59: CAR CHARGER | F59: =IF(G59="", "", IF(G59<=0, "Habis", IF(G59<=3, "Menipis", "Tersedia"))) -> Menipis | G59: 1 | H59: 61000 | I59: 110000 | J59: =I59-H59 -> 49000 | K59: =J59/H59*100% -> 0.80327869
A60: RJA-CARC-0005 | B60: AKSESORIS | C60: CAR CHARGER R20 BLACK | D60: NO BRAND | E60: CAR CHARGER | F60: =IF(G60="", "", IF(G60<=0, "Habis", IF(G60<=3, "Menipis", "Tersedia"))) -> Tersedia | G60: 5 | H60: 46250 | I60: 70000 | J60: =I60-H60 -> 23750 | K60: =J60/H60*100% -> 0.51351351
A61: RJA-CARC-0006 | B61: AKSESORIS | C61: CAR CHARGER SM-03 | D61: NO BRAND | E61: CAR CHARGER | F61: =IF(G61="", "", IF(G61<=0, "Habis", IF(G61<=3, "Menipis", "Tersedia"))) -> Menipis | G61: 1 | H61: 7500 | I61: 20000 | J61: =I61-H61 -> 12500 | K61: =J61/H61*100% -> 1.6666667
A62: RJA-CARC-0007 | B62: AKSESORIS | C62: CAR CHARGER 6A QUALCOMM 3.0 | D62: NO BRAND | E62: CAR CHARGER | F62: =IF(G62="", "", IF(G62<=0, "Habis", IF(G62<=3, "Menipis", "Tersedia"))) -> Tersedia | G62: 19 | H62: 14000 | I62: 30000 | J62: =I62-H62 -> 16000 | K62: =J62/H62*100% -> 1.1428571
A63: RJA-CARC-0008 | B63: AKSESORIS | C63: CAR CHARGER DAP 2 USB D-CC1 | D63: DAP | E63: CAR CHARGER | F63: =IF(G63="", "", IF(G63<=0, "Habis", IF(G63<=3, "Menipis", "Tersedia"))) -> Habis | G63: 0 | H63: 15000 | I63: 30000 | J63: =I63-H63 -> 15000 | K63: =J63/H63*100% -> 1
A64: RJA-CARC-0009 | B64: AKSESORIS | C64: CAR CHARGER OLIKE R13 BLACK | D64: OLIKE | E64: CAR CHARGER | F64: =IF(G64="", "", IF(G64<=0, "Habis", IF(G64<=3, "Menipis", "Tersedia"))) -> Menipis | G64: 1 | H64: 25000 | I64: 45000 | J64: =I64-H64 -> 20000 | K64: =J64/H64*100% -> 0.8
A65: RJA-CARC-0010 | B65: AKSESORIS | C65: CAR CHARGER DAP D-CCP5 | D65: DAP | E65: CAR CHARGER | F65: =IF(G65="", "", IF(G65<=0, "Habis", IF(G65<=3, "Menipis", "Tersedia"))) -> Menipis | G65: 1 | H65: 58200 | I65: 120000 | J65: =I65-H65 -> 61800 | K65: =J65/H65*100% -> 1.0618557
A66: RJA-CARC-0011 | B66: AKSESORIS | C66: CAR CHARGER COLOKAN CHARGER MOBIL PORT 3.1A AH044 | D66: LAQUE | E66: CAR CHARGER | F66: =IF(G66="", "", IF(G66<=0, "Habis", IF(G66<=3, "Menipis", "Tersedia"))) -> Menipis | G66: 1 | H66: 10000 | I66: 25000 | J66: =I66-H66 -> 15000 | K66: =J66/H66*100% -> 1.5
A67: RJA-CARC-0012 | B67: Aksesoris | C67: CAR CHARGER 100W USB OUTPUT 22W TYPE C | D67: No Brand | E67: CAR CHARGER | F67: Menipis | G67: 2 | H67: 15000 | I67: 35000 | J67: 20000 | K67: 1.33
A68: RJA-CARC-0013 | B68: Aksesoris | C68: CAR CHARGER DAP D-CCIN | D68: DAP | E68: CAR CHARGER | F68: Tersedia | G68: 4 | H68: 15000 | I68: 30000 | J68: 15000 | K68: 1
A69: RJA-CARC-0014 | B69: Aksesoris | C69: CAR CHARGER JOYSEUS Q4 8A | D69: JOYSEUS | E69: CAR CHARGER | F69: Menipis | G69: 1 | H69: 70000 | I69: 125000 | J69: 55000 | K69: 0.79
A70: RJA-CARD-0001 | B70: Aksesoris | C70: CARD READER FLECO CR22 | D70: FLECO | E70: CARD READER | F70: Menipis | G70: 2 | H70: 14000 | I70: 25000 | J70: 11000 | K70: 0.79
A71: RJA-CARD-0002 | B71: Aksesoris | C71: CARD READER VIBOX | D71: VIBOX | E71: CARD READER | F71: Menipis | G71: 3 | H71: 9000 | I71: 20000 | J71: 11000 | K71: 1.22
A72: RJA-CARD-0003 | B72: Aksesoris | C72: CARD RADER LO-CR06 4IN1 | D72: LOG ON | E72: CARD READER | F72: Menipis | G72: 1 | H72: 18500 | I72: 35000 | J72: 16500 | K72: 0.89
A73: RJA-CASA-0001 | B73: AKSESORIS | C73: CAS AKI 2 IN 1 DC POWER 3 PORT USB | D73: NO BRAND | E73: CAR CHARGER | F73: =IF(G73="", "", IF(G73<=0, "Habis", IF(G73<=3, "Menipis", "Tersedia"))) -> Menipis | G73: 2 | H73: 15000 | I73: 30000 | J73: =I73-H73 -> 15000 | K73: =J73/H73*100% -> 1
A74: RJA-CASA-0002 | B74: AKSESORIS | C74: CA S AKI 6 IN 1 DC CHARGER | D74: NO BRAND | E74: CAR CHARGER | F74: =IF(G74="", "", IF(G74<=0, "Habis", IF(G74<=3, "Menipis", "Tersedia"))) -> Menipis | G74: 1 | H74: 15000 | I74: 30000 | J74: =I74-H74 -> 15000 | K74: =J74/H74*100% -> 1
A75: RJA-CASA-0003 | B75: AKSESORIS | C75: CAS AKI MOTOR /CHARGER MOTOR AKI | D75: NO BRAND | E75: CAR CHARGER | F75: =IF(G75="", "", IF(G75<=0, "Habis", IF(G75<=3, "Menipis", "Tersedia"))) -> Tersedia | G75: 8 | H75: 13500 | I75: 30000 | J75: =I75-H75 -> 16500 | K75: =J75/H75*100% -> 1.2222222
A76: RJA-COLO-0001 | B76: AKSESORIS | C76: COLOKAN LISTRIK ON/OFF | D76: NO BRAND | E76: Aksesoris Lainnya | F76: =IF(G76="", "", IF(G76<=0, "Habis", IF(G76<=3, "Menipis", "Tersedia"))) -> Menipis | G76: 2 | H76: 12500 | I76: 25000 | J76: =I76-H76 -> 12500 | K76: =J76/H76*100% -> 1
A77: RJA-CONV-0001 | B77: AKSESORIS | C77: CONVERTER IPHONE TO AUX JACK 3.5 | D77: SAMSUNG | E77: AUX | F77: =IF(G77="", "", IF(G77<=0, "Habis", IF(G77<=3, "Menipis", "Tersedia"))) -> Menipis | G77: 3 | H77: 8500 | I77: 25000 | J77: =I77-H77 -> 16500 | K77: =J77/H77*100% -> 1.9411765
A78: RJA-CONV-0002 | B78: AKSESORIS | C78: CONVER TER AUDIO DUAL LIGHTING AUDIO DAN CHARGER ADAPTER J-008 | D78: NO BRAND | E78: CONVERTER | F78: =IF(G78="", "", IF(G78<=0, "Habis", IF(G78<=3, "Menipis", "Tersedia"))) -> Tersedia | G78: 5 | H78: 10000 | I78: 25000 | J78: =I78-H78 -> 15000 | K78: =J78/H78*100% -> 1.5
A79: RJA-COVE-0002 | B79: Aksesoris | C79: COVER CHARGER KARAKTER | D79: No Brand | E79: AKSESORIS LAIN | F79: Menipis | G79: 1 | H79: 17500 | I79: 35000 | J79: 17500 | K79: 1
A80: RJA-DAPM-0001 | B80: AKSESORIS | C80: DAP-M02 MICRO TO LIGHTNING | D80: DAP | E80: OTG | F80: =IF(G80="", "", IF(G80<=0, "Habis", IF(G80<=3, "Menipis", "Tersedia"))) -> Menipis | G80: 1 | H80: 15000 | I80: 25000 | J80: =I80-H80 -> 10000 | K80: =J80/H80*100% -> 0.66666667
A81: RJA-DAPO-0001 | B81: AKSESORIS | C81: DAP-OTG2N USB 2.0 TO MICRO | D81: DAP | E81: OTG | F81: =IF(G81="", "", IF(G81<=0, "Habis", IF(G81<=3, "Menipis", "Tersedia"))) -> Tersedia | G81: 5 | H81: 13000 | I81: 25000 | J81: =I81-H81 -> 12000 | K81: =J81/H81*100% -> 0.92307692
A82: RJA-DATA-0001 | B82: AKSESORIS | C82: Data Cable VIVAN VW01 2 IN 1 Type-C TO Type-C+Apple Watch 60W White 120CM (SKU RJA-DATA-0298) | D82: VIVAN | E82: KABEL DATA | F82: =IF(G82="", "", IF(G82<=0, "Habis", IF(G82<=3, "Menipis", "Tersedia"))) -> Menipis | G82: 1 | H82: 86000 | I82: 140000 | J82: =I82-H82 -> 54000 | K82: =J82/H82*100% -> 0.62790698
A83: RJA-DATA-0002 | B83: AKSESORIS | C83: Data Cable VIVAN VW01 2 IN 1 Type-C TO Type-C+Apple Watch 60W White 120CM (SKU RJA-DATA-0299) | D83: VIVAN | E83: KABEL DATA | F83: =IF(G83="", "", IF(G83<=0, "Habis", IF(G83<=3, "Menipis", "Tersedia"))) -> Menipis | G83: 1 | H83: 84405 | I83: 151929 | J83: =I83-H83 -> 67524 | K83: =J83/H83*100% -> 0.8
A84: RJA-DATA-0003 | B84: AKSESORIS | C84: Data Cable ROBOT RCOCC100 Coffee Cup Type-C To Type-C 60W Colorful (SKU RJA-DATA-0319) | D84: ROBOT | E84: KABEL DATA | F84: =IF(G84="", "", IF(G84<=0, "Habis", IF(G84<=3, "Menipis", "Tersedia"))) -> Menipis | G84: 3 | H84: 20000 | I84: 35000 | J84: =I84-H84 -> 15000 | K84: =J84/H84*100% -> 0.75
A85: RJA-DATA-0004 | B85: AKSESORIS | C85: Data Cable ROBOT RGCL100S Type-C To Lightning 3A 27W Colorful 100CM (SKU RJA-DATA-0324) | D85: DATA | E85: KABEL DATA | F85: =IF(G85="", "", IF(G85<=0, "Habis", IF(G85<=3, "Menipis", "Tersedia"))) -> Menipis | G85: 2 | H85: 19000 | I85: 35000 | J85: =I85-H85 -> 16000 | K85: =J85/H85*100% -> 0.84210526
A86: RJA-DATA-0005 | B86: AKSESORIS | C86: Data Cable ROBOT RUC01 Audio Type-C TO Two Type-C F White 2.4A 0.12CM (SKU RJA-DATA-0340) | D86: ROBOT | E86: KABEL DATA | F86: =IF(G86="", "", IF(G86<=0, "Habis", IF(G86<=3, "Menipis", "Tersedia"))) -> Menipis | G86: 2 | H86: 48000 | I86: 75000 | J86: =I86-H86 -> 27000 | K86: =J86/H86*100% -> 0.5625
A87: RJA-DATA-0006 | B87: AKSESORIS | C87: Data Cable ROBOT RZCC100 Type-C To Type-C 60W Golden 100CM (SKU RJA-DATA-0341) | D87: ROBOT | E87: KABEL DATA | F87: =IF(G87="", "", IF(G87<=0, "Habis", IF(G87<=3, "Menipis", "Tersedia"))) -> Menipis | G87: 1 | H87: 40000 | I87: 80000 | J87: =I87-H87 -> 40000 | K87: =J87/H87*100% -> 1
A88: RJA-DATA-0007 | B88: AKSESORIS | C88: Data Cable ROBOT RZC100 USB To Type-C 66W Golden 100CM (SKU RJA-DATA-0342) | D88: ROBOT | E88: KABEL DATA | F88: =IF(G88="", "", IF(G88<=0, "Habis", IF(G88<=3, "Menipis", "Tersedia"))) -> Menipis | G88: 2 | H88: 45000 | I88: 80000 | J88: =I88-H88 -> 35000 | K88: =J88/H88*100% -> 0.77777778
A89: RJA-DATA-0008 | B89: AKSESORIS | C89: Data Cable ROBOT RGCC100S Type-C To Type-C 3A 60W Colorful 100CM (SKU RJA-DATA-0343) | D89: ROBOT | E89: KABEL DATA | F89: =IF(G89="", "", IF(G89<=0, "Habis", IF(G89<=3, "Menipis", "Tersedia"))) -> Tersedia | G89: 14 | H89: 17000 | I89: 30000 | J89: =I89-H89 -> 13000 | K89: =J89/H89*100% -> 0.76470588
A90: RJA-DATA-0009 | B90: AKSESORIS | C90: Data Cable ROBOT RGC100S Type-C 2.4A Colorful 100C4 (SKU RJA-DATA-0344) | D90: ROBOT | E90: KABEL DATA | F90: =IF(G90="", "", IF(G90<=0, "Habis", IF(G90<=3, "Menipis", "Tersedia"))) -> Tersedia | G90: 6 | H90: 13500 | I90: 25000 | J90: =I90-H90 -> 11500 | K90: =J90/H90*100% -> 0.85185185
A91: RJA-DATA-0010 | B91: AKSESORIS | C91: Data Cable ROBOT RGBC100 USB To Type-C 3A RGB Colorful Lamp Black 100CM (SKU RJA-DATA-0345) | D91: ROBOT | E91: KABEL DATA | F91: =IF(G91="", "", IF(G91<=0, "Habis", IF(G91<=3, "Menipis", "Tersedia"))) -> Menipis | G91: 1 | H91: 32000 | I91: 60000 | J91: =I91-H91 -> 28000 | K91: =J91/H91*100% -> 0.875
... A99: RJA-DATA-0018 | B99: AKSESORIS | C99: Data Cable ROBOT RZCC100 Type-C To Type-C 60W Golden 100CM (SKU RJA-DATA-0482) | D99: ROBOT | E99: KABEL DATA | F99: =IF(G99="", "", IF(G99<=0, "Habis", IF(G99<=3, "Menipis", "Tersedia"))) -> Habis | G99: 0 | H99: 39470 | I99: 71046 | J99: =I99-H99 -> 31576 | K99: =J99/H99*100% -> 0.8
A100: RJA-DATA-0019 | B100: AKSESORIS | C100: Data Cable ROBOT RZC100 USB To Type-C 66W Golden 100CM (SKU RJA-DATA-0496) | D100: ROBOT | E100: KABEL DATA | F100: =IF(G100="", "", IF(G100<=0, "Habis", IF(G100<=3, "Menipis", "Tersedia"))) -> Habis | G100: 0 | H100: 43417 | I100: 78151 | J100: =I100-H100 -> 34734
A101: RJA-DATA-0020 | B101: AKSESORIS | C101: Data Cable ROBOT RGCC100S Type-C To Type-C 3A 60W Colorful 100CM (SKU RJA-DATA-0497) | D101: ROBOT | E101: KABEL DATA | F101: =IF(G101="", "", IF(G101<=0, "Habis", IF(G101<=3, "Menipis", "Tersedia"))) -> Habis | G101: 0 | H101: 15150 | I101: 27270 | J101: =I101-H101 -> 12120
A102: RJA-DATA-0021 | B102: AKSESORIS | C102: Data Cable ROBOT RGC100S Type-C 2.4A Colorful 100C4 (SKU RJA-DATA-0502) | D102: ROBOT | E102: KABEL DATA | F102: =IF(G102="", "", IF(G102<=0, "Habis", IF(G102<=3, "Menipis", "Tersedia"))) -> Habis | G102: 0 | H102: 13500 | I102: 24300 | J102: =I102-H102 -> 10800 | K102: =J102/H102*100% -> 0.8
A103: RJA-DATA-0022 | B103: AKSESORIS | C103: Data Cable ROBOT RGBCL120 Type-C To Lightning 30W RGB Colorful Lamp Black 120CM | D103: ROBOT | E103: KABEL DATA | F103: =IF(G103="", "", IF(G103<=0, "Habis", IF(G103<=3, "Menipis", "Tersedia"))) -> Habis | G103: 0 | H103: 38800 | I103: 69840 | J103: =I103-H103 -> 31040 | K103: =J103/H103*100% -> 0.8
A104: RJA-DATA-0023 | B104: AKSESORIS | C104: Data Cable ROBOT RGBC100 USB To Type-C 3A RGB Colorful Lamp Black 100CM (SKU RJA-DATA-0504) | D104: ROBOT | E104: KABEL DATA | F104: =IF(G104="", "", IF(G104<=0, "Habis", IF(G104<=3, "Menipis", "Tersedia"))) -> Habis | G104: 0 | H104: 29210 | I104: 52578 | J104: =I104-H104 -> 23368 | K104: =J104/H104*100% -> 0.8
A105: RJA-DATA-0024 | B105: AKSESORIS | C105: Data Cable ROBOT RCOCC100 Coffee Cup Type-C To Type-C 60W Colorful (SKU RJA-DATA-0505) | D105: ROBOT | E105: KABEL DATA | F105: =IF(G105="", "", IF(G105<=0, "Habis", IF(G105<=3, "Menipis", "Tersedia"))) -> Habis | G105: 0 | H105: 20000 | I105: 36000 | J105: =I105-H105 -> 16000 | K105: =J105/H105*100% -> 0.8
A106: RJA-DATA-0025 | B106: AKSESORIS | C106: Data Cable ROBOT RC30 USB To Type-C 3A Colorful 30CM (SKU RJA-DATA-0506) | D106: ROBOT | E106: KABEL DATA | F106: =IF(G106="", "", IF(G106<=0, "Habis", IF(G106<=3, "Menipis", "Tersedia"))) -> Habis | G106: 0 | H106: 7000 | I106: 12600 | J106: =I106-H106 -> 5600 | K106: =J106/H106*100% -> 0.8
A107: RJA-DATA-0026 | B107: AKSESORIS | C107: Data Cable ROBOT RBM100 II Micro 2.1A Mini Black&White 100CM (SKU RJA-DATA-0507) | D107: ROBOT | E107: KABEL DATA | F107: =IF(G107="", "", IF(G107<=0, "Habis", IF(G107<=3, "Menipis", "Tersedia"))) -> Habis | G107: 0 | H107: 6300 | I107: 11340 | J107: =I107-H107 -> 5040 | K107: =J107/H107*100% -> 0.8
A108: RJA-DATA-0027 | B108: AKSESORIS | C108: Data Cable ROBOT RAM100S Micro 2.4A Colorful 100CM | D108: ROBOT | E108: KABEL DATA | F108: =IF(G108="", "", IF(G108<=0, "Habis", IF(G108<=3, "Menipis", "Tersedia"))) -> Habis | G108: 0 | H108: 10750 | I108: 19350 | J108: =I108-H108 -> 8600 | K108: =J108/H108*100% -> 0.8
A109: RJA-DATA-0028 | B109: AKSESORIS | C109: Data Cable ROBOT RAC100S Type-C 2.4A Colorful 100CM | D109: ROBOT | E109: KABEL DATA | F109: =IF(G109="", "", IF(G109<=0, "Habis", IF(G109<=3, "Menipis", "Tersedia"))) -> Habis | G109: 0 | H109: 14000 | I109: 25200 | J109: =I109-H109 -> 11200 | K109: =J109/H109*100% -> 0.8
A110: RJA-DATA-0029 | B110: AKSESORIS | C110: Data Cable ROBOT RGCL100S Type-C To Lightning 3A 27W Colorful 100CM (SKU RJA-DATA-0517) | D110: DATA | E110: KABEL DATA | F110: =IF(G110="", "", IF(G110<=0, "Habis", IF(G110<=3, "Menipis", "Tersedia"))) -> Menipis | G110: 1 | H110: 18100 | I110: 32580 | J110: =I110-H110 -> 14480 | K110: =J110/H110*100% -> 0.8
A111: RJA-DATA-0030 | B111: AKSESORIS | C111: Data Cable ROBOT RGCL100S Type-C To Lightning 3A 27W Colorful 100CM (SKU RJA-DATA-0537) | D111: ROBOT | E111: KABEL DATA | F111: =IF(G111="", "", IF(G111<=0, "Habis", IF(G111<=3, "Menipis", "Tersedia"))) -> Tersedia | G111: 20 | H111: 19000 | I111: 35000 | J111: =I111-H111 -> 16000 | K111: =J111/H111*100% -> 0.84210526
A112: RJA-DESK-0001 | B112: AKSESORIS | C112: DESKTOP HOLDER LANEX LZ12 | D112: LANEX | E112: HOLDER | F112: =IF(G112="", "", IF(G112<=0, "Habis", IF(G112<=3, "Menipis", "Tersedia"))) -> Menipis | G112: 2 | H112: 20000 | I112: 35000 | J112: =I112-H112 -> 15000 | K112: =J112/H112*100% -> 0.75
A113: RJA-DOMP-0001 | B113: AKSESORIS | C113: DOMPET 20K | D113: NO BRAND | E113: Aksesoris Lainnya | F113: =IF(G113="", "", IF(G113<=0, "Habis", IF(G113<=3, "Menipis", "Tersedia"))) -> Tersedia | G113: 4 | H113: 10000 | I113: 20000 | J113: =I113-H113 -> 10000 | K113: =J113/H113*100% -> 1
... A145: RJA-GEMB-0001 | B145: AKSESORIS | C145: GEMBOK ANGKA | D145: NO BRAND | E145: Aksesoris Lainnya | F145: =IF(G145="", "", IF(G145<=0, "Habis", IF(G145<=3, "Menipis", "Tersedia"))) -> Menipis | G145: 3 | H145: 5000 | I145: 10000 | J145: =I145-H145 -> 5000 | K145: =J145/H145*100% -> 1
A146: RJA-GUNT-0001 | B146: Aksesoris | C146: GUNTING | D146: No Brand | E146: AKSESORIS LAIN | F146: Menipis | G146: 1 | H146: 5000 | I146: 10000 | J146: 5000 | K146: 1
A147: RJA-GURI-0001 | B147: AKSESORIS | C147: Gurita Wellcomm | D147: WELCOME | E147: GURITA | F147: =IF(G147="", "", IF(G147<=0, "Habis", IF(G147<=3, "Menipis", "Tersedia"))) -> Menipis | G147: 2 | H147: 15000 | I147: 30000 | J147: =I147-H147 -> 15000 | K147: =J147/H147*100% -> 1
A148: RJA-HAND-0001 | B148: AKSESORIS | C148: HANDFREE PROMO M-38 | D148: NO BRAND | E148: HANDFREE | F148: =IF(G148="", "", IF(G148<=0, "Habis", IF(G148<=3, "Menipis", "Tersedia"))) -> Tersedia | G148: 21 | H148: 4000 | I148: 10000 | J148: =I148-H148 -> 6000 | K148: =J148/H148*100% -> 1.5
A149: RJA-HAND-0002 | B149: AKSESORIS | C149: HANDFREE MINIMO | D149: MINIMO | E149: HANDFREE | F149: =IF(G149="", "", IF(G149<=0, "Habis", IF(G149<=3, "Menipis", "Tersedia"))) -> Tersedia | G149: 4 | H149: 11000 | I149: 25000 | J149: =I149-H149 -> 14000 | K149: =J149/H149*100% -> 1.2727273
A150: RJA-HAND-0003 | B150: AKSESORIS | C150: HANDFREE STREO HT-07 / HT-08 | D150: NO BRAND | E150: HANDFREE | F150: =IF(G150="", "", IF(G150<=0, "Habis", IF(G150<=3, "Menipis", "Tersedia"))) -> Menipis | G150: 3 | H150: 5750 | I150: 20000 | J150: =I150-H150 -> 14250 | K150: =J150/H150*100% -> 2.4782609
A151: RJA-HAND-0004 | B151: AKSESORIS | C151: Handsfree Realme + Mic R899 (SKU RJA-HAND-0156) | D151: NO BRAND | E151: HANDFREE | F151: =IF(G151="", "", IF(G151<=0, "Habis", IF(G151<=3, "Menipis", "Tersedia"))) -> Menipis | G151: 1 | H151: 3000 | I151: 10000 | J151: =I151-H151 -> 7000 | K151: =J151/H151*100% -> 2.3333333
A152: RJA-HAND-0005 | B152: AKSESORIS | C152: Handsfree Realme + Mic R899 (SKU RJA-HAND-0159) | D152: NO BRAND | E152: HANDFREE | F152: =IF(G152="", "", IF(G152<=0, "Habis", IF(G152<=3, "Menipis", "Tersedia"))) -> Menipis | G152: 1 | H152: 3750 | I152: 7500 | J152: =I152-H152 -> 3750 | K152: =J152/H152*100% -> 1
A153: RJA-HAND-0006 | B153: AKSESORIS | C153: HANDFREE OLIKE E300S WIRED EARPHONE BLACK (SKU RJA-HAND-0163) | D153: OLIKE | E153: HANDFREE | F153: =IF(G153="", "", IF(G153<=0, "Habis", IF(G153<=3, "Menipis", "Tersedia"))) -> Tersedia | G153: 5 | H153: 12400 | I153: 25000 | J153: =I153-H153 -> 12600 | K153: =J153/H153*100% -> 1.016129
A154: RJA-HAND-0007 | B154: AKSESORIS | C154: HANDFREE OLIKE E30S WIRED EARPHONE BLACK (SKU RJA-HAND-0164) | D154: OLIKE | E154: HANDFREE | F154: =IF(G154="", "", IF(G154<=0, "Habis", IF(G154<=3, "Menipis", "Tersedia"))) -> Tersedia | G154: 6 | H154: 12400 | I154: 25000 | J154: =I154-H154 -> 12600 | K154: =J154/H154*100% -> 1.016129
A155: RJA-HAND-0008 | B155: AKSESORIS | C155: Handsfree Ori 100% Samsung S8 AKG Type - C | D155: SAMSUNG | E155: HANDFREE | F155: =IF(G155="", "", IF(G155<=0, "Habis", IF(G155<=3, "Menipis", "Tersedia"))) -> Menipis | G155: 3 | H155: 22500 | I155: 45000 | J155: =I155-H155 -> 22500 | K155: =J155/H155*100% -> 1
A156: RJA-HAND-0009 | B156: AKSESORIS | C156: HANDFREE SONNY TYPE C CT-01 | D156: SONNY | E156: HANDFREE | F156: =IF(G156="", "", IF(G156<=0, "Habis", IF(G156<=3, "Menipis", "Tersedia"))) -> Menipis | G156: 3 | H156: 14000 | I156: 30000 | J156: =I156-H156 -> 16000 | K156: =J156/H156*100% -> 1.1428571
A157: RJA-HAND-0010 | B157: AKSESORIS | C157: HANDFREE OPPO TYPE C | D157: OPPO | E157: HANDFREE | F157: =IF(G157="", "", IF(G157<=0, "Habis", IF(G157<=3, "Menipis", "Tersedia"))) -> Tersedia | G157: 9 | H157: 22000 | I157: 45000 | J157: =I157-H157 -> 23000 | K157: =J157/H157*100% -> 1.0454545
A158: RJA-HAND-0011 | B158: AKSESORIS | C158: HANDFREE TYPE C PM-50 | D158: PM-50 | E158: HANDFREE | F158: =IF(G158="", "", IF(G158<=0, "Habis", IF(G158<=3, "Menipis", "Tersedia"))) -> Menipis | G158: 2 | H158: 17000 | I158: 35000 | J158: =I158-H158 -> 18000 | K158: =J158/H158*100% -> 1.0588235
... A178: RJA-HAND-0031 | B178: AKSESORIS | C178: HANDFREE VIVO TYPE C | D178: VIVO | E178: HANDFREE | F178: =IF(G178="", "", IF(G178<=0, "Habis", IF(G178<=3, "Menipis", "Tersedia"))) -> Menipis | G178: 3 | H178: 20000 | I178: 45000 | J178: =I178-H178 -> 25000 | K178: =J178/H178*100% -> 1.25
A179: RJA-HAND-0032 | B179: AKSESORIS | C179: HANDFREE WELLCOMM SP-07 | D179: WELCOME | E179: HANDFREE | F179: Tersedia | G179: 5 | H179: 28305 | I179: 60000 | J179: 31695 | K179: 1.12
A180: RJA-HAND-0033 | B180: AKSESORIS | C180: HANDFREE ROBOT RE101S | D180: ROBOT | E180: HANDFREE | F180: Tersedia | G180: 5 | H180: 24400 | I180: 50000 | J180: 25600 | K180: 1.05
...

Sheet Stok Digital
A1: Kode Produk | B1: Kategori | C1: Nama Layanan | D1: Merk | E1: Jenis | F1: Status | G1: Harga Modal | H1: Harga Jual | I1: Margin | J1: Margin (%)
A2: RJA-XL-0001 | B2: Pulsa | C2: XL COMBO FLEX MAX - 7 GB 28 HARI | D2: Xl | E2: MULTI | F2: Aktif | G2: 32174 | H2: 35000 | I2: {=IF(A2:A1997="", "", H2:H1997 - G2:G1997)} -> 2826 | J2: {=IF(A2:A1997="", "", IFERROR(I2:I1997 / G2:G1997, 0))} -> 0.087834898
A3: RJA-XL-0002 | B3: Pulsa | C3: XL COMBO FLEX MAX - 10 GB 28 HARI | D3: Xl | E3: MULTI | F3: Aktif | G3: 37110 | H3: 40000 | I3: 2890 | J3: 0.077876583
A4: RJA-XL-0003 | B4: Pulsa | C4: XL COMBO FLEX MAX - 16 GB 28 HARI | D4: Xl | E4: MULTI | F4: Aktif | G4: 45550 | H4: 49000 | I4: 3450 | J4: 0.075740944
A5: RJA-XL-0004 | B5: Pulsa | C5: XL COMBO FLEX MAX - 23 GB 28 HARI | D5: Xl | E5: MULTI | F5: Aktif | G5: 54548 | H5: 59000 | I5: 4452 | J5: 0.081616191
A6: RJA-XL-0005 | B6: Pulsa | C6: XL COMBO FLEX MAX - 33 GB 14 HARI | D6: Xl | E6: MULTI | F6: Aktif | G6: 66205 | H6: 70000 | I6: 3795 | J6: 0.057321955
A7: RJA-XL-0006 | B7: Pulsa | C7: XL COMBO FLEX MAX - 31 GB 28 HARI | D7: Xl | E7: MULTI | F7: Aktif | G7: 62669 | H7: 66000 | I7: 3331 | J7: 0.053152276
A8: RJA-XL-0007 | B8: Pulsa | C8: XL COMBO FLEX MAX - 75 GB 15 HARI | D8: Xl | E8: MULTI | F8: Aktif | G8: 68365 | H8: 74000 | I8: 5635 | J8: 0.082425218
A9: RJA-XL-0008 | B9: Pulsa | C9: XL COMBO FLEX MAX - 40 GB 28 HARI | D9: Xl | E9: MULTI | F9: Aktif | G9: 70046 | H9: 75000 | I9: 4954 | J9: 0.070724952
A10: RJA-XL-0009 | B10: Pulsa | C10: XL COMBO FLEX MAX - 50 GB 28 HARI | D10: Xl | E10: MULTI | F10: Aktif | G10: 78925 | H10: 85000 | I10: 6075 | J10: 0.076971809
A11: RJA-XL-0010 | B11: Pulsa | C11: XL COMBO FLEX MAX - 65 GB 28 HARI | D11: Xl | E11: MULTI | F11: Aktif | G11: 89290 | H11: 95000 | I11: 5710 | J11: 0.06394893
A12: RJA-XL-0011 | B12: Pulsa | C12: XL COMBO FLEX MAX - 100 GB 28 HARI | D12: Xl | E12: MULTI | F12: Aktif | G12: 115200 | H12: 120000 | I12: 4800 | J12: 0.041666667
A13: RJA-XL-0012 | B13: Pulsa | C13: XL HARIAN - HARIAN S (2 GB - 3 GB) 3 HARI | D13: Xl | E13: MULTI | F13: Aktif | G13: 11678 | H13: 14000 | I13: 2322 | J13: 0.19883542
A14: RJA-XL-0013 | B14: Pulsa | C14: XL HARIAN - HARIAN S (2 GB - 3.5 GB) 5 HARI | D14: Xl | E14: MULTI | F14: Aktif | G14: 13700 | H14: 16000 | I14: 2300 | J14: 0.16788321
... A1027: RJA-DANA-0008 | B1027: TRANSFER | C1027: DANA TOP UP DANA - TOP UP DANA 20001K - 3000K | D1027: Dana | E1027: DANA | F1027: Aktif | G1027: 0 | H1027: 20000 | I1027: 20000 | J1027: 0
G1028: 0 | H1028: 0
G1029: 0 | H1029: 0
G1030: 0 | H1030: 0
G1031: 0 | H1031: 0
G1032: 0 | H1032: 0
G1033: 0 | H1033: 0
G1034: 0 | H1034: 0
G1035: 0 | H1035: 0
G1036: 0 | H1036: 0
G1037: 0 | H1037: 0
G1038: 0 | H1038: 0
G1039: 0 | H1039: 0
... G1997: 0 | H1997: 0

Sheet Input Produk Baru
D1: Form Input Produk
D3: Jenis Stok | E3: Fisik | G3: Harga Modal | H3: 16000
D4: Nama Barang/Layanan | G4: Harga Jual | H4: 35000
D5: Kategori
D6: Jenis
D7: Merk
D8: Kode Produk | E8: RJA-AKS-0001
D9: Stok | E9: 2

Sheet Input Saldo
D1: Form Input Saldo
D3: Tanggal
D4: Nama Transaksi
D5: Akun Tujuan
D6: Akun Asal
D8: Tipe Transaksi
D9: Nominal Saldo

Sheet Saldo
D2: MONITORING SALDO AKTUAL
D4: Akun Saldo | E4: Saldo Masuk | F4: Saldo Keluar | G4: Saldo Aktual
D5: MULTI | E5: =IFS($D$12="Hari Ini", SUMIFS('Saldo (Transaksi)'!F:F, 'Saldo (Transaksi)'!D:D, $D5, 'Saldo (Transaksi)'!A:A, TODAY()), $D$12="Bulan Ini", SUMIFS('Saldo (Transaksi)'!F:F, 'Saldo (Transaksi)'!D:D, $D5, 'Saldo (Transaksi)'!A:A, ">="&EOMONTH(TODAY(), -1)+1, 'Saldo (Transaksi)'!A:A, "<="&EOMONTH(TODAY(), 0)), $D$12="Pilih Tanggal", SUMIFS('Saldo (Transaksi)'!F:F, 'Saldo (Transaksi)'!D:D, $D5, 'Saldo (Transaksi)'!A:A, $F$12), TRUE, SUMIFS('Saldo (Transaksi)'!F:F, 'Saldo (Transaksi)'!D:D, $D5)) -> 0 | F5: =IFS($D$12="Hari Ini", SUMIFS('Saldo (Transaksi)'!F:F, 'Saldo (Transaksi)'!E:E, $D5, 'Saldo (Transaksi)'!A:A, TODAY()), $D$12="Bulan Ini", SUMIFS('Saldo (Transaksi)'!F:F, 'Saldo (Transaksi)'!E:E, $D5, 'Saldo (Transaksi)'!A:A, ">="&EOMONTH(TODAY(), -1)+1, 'Saldo (Transaksi)'!A:A, "<="&EOMONTH(TODAY(), 0)), $D$12="Pilih Tanggal", SUMIFS('Saldo (Transaksi)'!F:F, 'Saldo (Transaksi)'!E:E, $D5, 'Saldo (Transaksi)'!A:A, $F$12), TRUE, SUMIFS('Saldo (Transaksi)'!F:F, 'Saldo (Transaksi)'!E:E, $D5)) -> 0 | G5: =SUMIFS('Saldo (Transaksi)'!F:F, 'Saldo (Transaksi)'!D:D, $D5) - SUMIFS('Saldo (Transaksi)'!F:F, 'Saldo (Transaksi)'!E:E, $D5) -> 0
D6: DANA | E6: =IFS($D$12="Hari Ini", SUMIFS('Saldo (Transaksi)'!F:F, 'Saldo (Transaksi)'!D:D, $D6, 'Saldo (Transaksi)'!A:A, TODAY()), $D$12="Bulan Ini", SUMIFS('Saldo (Transaksi)'!F:F, 'Saldo (Transaksi)'!D:D, $D6, 'Saldo (Transaksi)'!A:A, ">="&EOMONTH(TODAY(), -1)+1, 'Saldo (Transaksi)'!A:A, "<="&EOMONTH(TODAY(), 0)), $D$12="Pilih Tanggal", SUMIFS('Saldo (Transaksi)'!F:F, 'Saldo (Transaksi)'!D:D, $D6, 'Saldo (Transaksi)'!A:A, $F$12), TRUE, SUMIFS('Saldo (Transaksi)'!F:F, 'Saldo (Transaksi)'!D:D, $D6)) -> 0 | F6: =IFS($D$12="Hari Ini", SUMIFS('Saldo (Transaksi)'!F:F, 'Saldo (Transaksi)'!E:E, $D6, 'Saldo (Transaksi)'!A:A, TODAY()), $D$12="Bulan Ini", SUMIFS('Saldo (Transaksi)'!F:F, 'Saldo (Transaksi)'!E:E, $D6, 'Saldo (Transaksi)'!A:A, ">="&EOMONTH(TODAY(), -1)+1, 'Saldo (Transaksi)'!A:A, "<="&EOMONTH(TODAY(), 0)), $D$12="Pilih Tanggal", SUMIFS('Saldo (Transaksi)'!F:F, 'Saldo (Transaksi)'!E:E, $D6, 'Saldo (Transaksi)'!A:A, $F$12), TRUE, SUMIFS('Saldo (Transaksi)'!F:F, 'Saldo (Transaksi)'!E:E, $D6)) -> 0 | G6: =SUMIFS('Saldo (Transaksi)'!F:F, 'Saldo (Transaksi)'!D:D, $D6) - SUMIFS('Saldo (Transaksi)'!F:F, 'Saldo (Transaksi)'!E:E, $D6) -> 0
D7: BANK MAS | E7: =IFS($D$12="Hari Ini", SUMIFS('Saldo (Transaksi)'!F:F, 'Saldo (Transaksi)'!D:D, $D7, 'Saldo (Transaksi)'!A:A, TODAY()), $D$12="Bulan Ini", SUMIFS('Saldo (Transaksi)'!F:F, 'Saldo (Transaksi)'!D:D, $D7, 'Saldo (Transaksi)'!A:A, ">="&EOMONTH(TODAY(), -1)+1, 'Saldo (Transaksi)'!A:A, "<="&EOMONTH(TODAY(), 0)), $D$12="Pilih Tanggal", SUMIFS('Saldo (Transaksi)'!F:F, 'Saldo (Transaksi)'!D:D, $D7, 'Saldo (Transaksi)'!A:A, $F$12), TRUE, SUMIFS('Saldo (Transaksi)'!F:F, 'Saldo (Transaksi)'!D:D, $D7)) -> 0 | F7: =IFS($D$12="Hari Ini", SUMIFS('Saldo (Transaksi)'!F:F, 'Saldo (Transaksi)'!E:E, $D7, 'Saldo (Transaksi)'!A:A, TODAY()), $D$12="Bulan Ini", SUMIFS('Saldo (Transaksi)'!F:F, 'Saldo (Transaksi)'!E:E, $D7, 'Saldo (Transaksi)'!A:A, ">="&EOMONTH(TODAY(), -1)+1, 'Saldo (Transaksi)'!A:A, "<="&EOMONTH(TODAY(), 0)), $D$12="Pilih Tanggal", SUMIFS('Saldo (Transaksi)'!F:F, 'Saldo (Transaksi)'!E:E, $D7, 'Saldo (Transaksi)'!A:A, $F$12), TRUE, SUMIFS('Saldo (Transaksi)'!F:F, 'Saldo (Transaksi)'!E:E, $D7)) -> 0 | G7: =SUMIFS('Saldo (Transaksi)'!F:F, 'Saldo (Transaksi)'!D:D, $D7) - SUMIFS('Saldo (Transaksi)'!F:F, 'Saldo (Transaksi)'!E:E, $D7) -> 0
D8: WAHANA | E8: =IFS($D$12="Hari Ini", SUMIFS('Saldo (Transaksi)'!F:F, 'Saldo (Transaksi)'!D:D, $D8, 'Saldo (Transaksi)'!A:A, TODAY()), $D$12="Bulan Ini", SUMIFS('Saldo (Transaksi)'!F:F, 'Saldo (Transaksi)'!D:D, $D8, 'Saldo (Transaksi)'!A:A, ">="&EOMONTH(TODAY(), -1)+1, 'Saldo (Transaksi)'!A:A, "<="&EOMONTH(TODAY(), 0)), $D$12="Pilih Tanggal", SUMIFS('Saldo (Transaksi)'!F:F, 'Saldo (Transaksi)'!D:D, $D8, 'Saldo (Transaksi)'!A:A, $F$12), TRUE, SUMIFS('Saldo (Transaksi)'!F:F, 'Saldo (Transaksi)'!D:D, $D8)) -> 0 | F8: =IFS($D$12="Hari Ini", SUMIFS('Saldo (Transaksi)'!F:F, 'Saldo (Transaksi)'!E:E, $D8, 'Saldo (Transaksi)'!A:A, TODAY()), $D$12="Bulan Ini", SUMIFS('Saldo (Transaksi)'!F:F, 'Saldo (Transaksi)'!E:E, $D8, 'Saldo (Transaksi)'!A:A, ">="&EOMONTH(TODAY(), -1)+1, 'Saldo (Transaksi)'!A:A, "<="&EOMONTH(TODAY(), 0)), $D$12="Pilih Tanggal", SUMIFS('Saldo (Transaksi)'!F:F, 'Saldo (Transaksi)'!E:E, $D8, 'Saldo (Transaksi)'!A:A, $F$12), TRUE, SUMIFS('Saldo (Transaksi)'!F:F, 'Saldo (Transaksi)'!E:E, $D8)) -> 0 | G8: =SUMIFS('Saldo (Transaksi)'!F:F, 'Saldo (Transaksi)'!D:D, $D8) - SUMIFS('Saldo (Transaksi)'!F:F, 'Saldo (Transaksi)'!E:E, $D8) -> 0
D9: QRIS | E9: =IFS($D$12="Hari Ini", SUMIFS('Saldo (Transaksi)'!F:F, 'Saldo (Transaksi)'!D:D, $D9, 'Saldo (Transaksi)'!A:A, TODAY()), $D$12="Bulan Ini", SUMIFS('Saldo (Transaksi)'!F:F, 'Saldo (Transaksi)'!D:D, $D9, 'Saldo (Transaksi)'!A:A, ">="&EOMONTH(TODAY(), -1)+1, 'Saldo (Transaksi)'!A:A, "<="&EOMONTH(TODAY(), 0)), $D$12="Pilih Tanggal", SUMIFS('Saldo (Transaksi)'!F:F, 'Saldo (Transaksi)'!D:D, $D9, 'Saldo (Transaksi)'!A:A, $F$12), TRUE, SUMIFS('Saldo (Transaksi)'!F:F, 'Saldo (Transaksi)'!D:D, $D9)) -> 0 | F9: =IFS($D$12="Hari Ini", SUMIFS('Saldo (Transaksi)'!F:F, 'Saldo (Transaksi)'!E:E, $D9, 'Saldo (Transaksi)'!A:A, TODAY()), $D$12="Bulan Ini", SUMIFS('Saldo (Transaksi)'!F:F, 'Saldo (Transaksi)'!E:E, $D9, 'Saldo (Transaksi)'!A:A, ">="&EOMONTH(TODAY(), -1)+1, 'Saldo (Transaksi)'!A:A, "<="&EOMONTH(TODAY(), 0)), $D$12="Pilih Tanggal", SUMIFS('Saldo (Transaksi)'!F:F, 'Saldo (Transaksi)'!E:E, $D9, 'Saldo (Transaksi)'!A:A, $F$12), TRUE, SUMIFS('Saldo (Transaksi)'!F:F, 'Saldo (Transaksi)'!E:E, $D9)) -> 0 | G9: =SUMIFS('Saldo (Transaksi)'!F:F, 'Saldo (Transaksi)'!D:D, $D9) - SUMIFS('Saldo (Transaksi)'!F:F, 'Saldo (Transaksi)'!E:E, $D9) -> 0
D10: BANK BCA | E10: =IFS($D$12="Hari Ini", SUMIFS('Saldo (Transaksi)'!F:F, 'Saldo (Transaksi)'!D:D, $D10, 'Saldo (Transaksi)'!A:A, TODAY()), $D$12="Bulan Ini", SUMIFS('Saldo (Transaksi)'!F:F, 'Saldo (Transaksi)'!D:D, $D10, 'Saldo (Transaksi)'!A:A, ">="&EOMONTH(TODAY(), -1)+1, 'Saldo (Transaksi)'!A:A, "<="&EOMONTH(TODAY(), 0)), $D$12="Pilih Tanggal", SUMIFS('Saldo (Transaksi)'!F:F, 'Saldo (Transaksi)'!D:D, $D10, 'Saldo (Transaksi)'!A:A, $F$12), TRUE, SUMIFS('Saldo (Transaksi)'!F:F, 'Saldo (Transaksi)'!D:D, $D10)) -> 0 | F10: =IFS($D$12="Hari Ini", SUMIFS('Saldo (Transaksi)'!F:F, 'Saldo (Transaksi)'!E:E, $D10, 'Saldo (Transaksi)'!A:A, TODAY()), $D$12="Bulan Ini", SUMIFS('Saldo (Transaksi)'!F:F, 'Saldo (Transaksi)'!E:E, $D10, 'Saldo (Transaksi)'!A:A, ">="&EOMONTH(TODAY(), -1)+1, 'Saldo (Transaksi)'!A:A, "<="&EOMONTH(TODAY(), 0)), $D$12="Pilih Tanggal", SUMIFS('Saldo (Transaksi)'!F:F, 'Saldo (Transaksi)'!E:E, $D10, 'Saldo (Transaksi)'!A:A, $F$12), TRUE, SUMIFS('Saldo (Transaksi)'!F:F, 'Saldo (Transaksi)'!E:E, $D10)) -> 0 | G10: =SUMIFS('Saldo (Transaksi)'!F:F, 'Saldo (Transaksi)'!D:D, $D10) - SUMIFS('Saldo (Transaksi)'!F:F, 'Saldo (Transaksi)'!E:E, $D10) -> 0
D12: Pilih Tanggal | F12: 46223

Sheet Transaksi Harian
A1: Tanggal | B1: Kode Produk | C1: Nama Barang/Layanan | D1: Kategori | E1: Jenis | F1: Merk | G1: QTY | H1: Harga Modal | I1: Modal Via | J1: Harga Jual | K1: Metode Pembayaran | L1: Status Transaksi

Sheet Saldo (Transaksi)
A1: Tanggal | B1: Nama Transaksi | C1: Jenis | D1: Akun Tujuan | E1: Akun Asal | F1: Nominal

Sheet Laporan Harian
B1: Tanggal | C1: Total Transaksi | D1: Total Modal | E1: Total Penjualan | F1: Total Margin | H1: Cash | I1: Dana | J1: Transfer (BCA) | K1: QRIS
B2: {=SEQUENCE(31, 1, DATE(2026, 7, 1))} -> 46204 | C2: =COUNTIFS('Transaksi Harian'!$A:$A, ">="&$B2, 'Transaksi Harian'!$A:$A, "<"&($B2+1)) -> 0 | D2: =SUMIFS('Transaksi Harian'!$H:$H, 'Transaksi Harian'!$A:$A, ">="&$B2, 'Transaksi Harian'!$A:$A, "<"&($B2+1)) -> 0 | E2: =SUMIFS('Transaksi Harian'!$J:$J, 'Transaksi Harian'!$A:$A, ">="&$B2, 'Transaksi Harian'!$A:$A, "<"&($B2+1)) -> 0 | F2: =E2-D2 -> 0 | H2: =SUMIFS('Transaksi Harian'!$J:$J, 'Transaksi Harian'!$A:$A, ">="&$B2, 'Transaksi Harian'!$A:$A, "<"&($B2+1), 'Transaksi Harian'!$K:$K, TRIM(H$1)) -> 0 | I2: =SUMIFS('Transaksi Harian'!$J:$J, 'Transaksi Harian'!$A:$A, ">="&$B2, 'Transaksi Harian'!$A:$A, "<"&($B2+1), 'Transaksi Harian'!$K:$K, TRIM(I$1)) -> 0 | J2: =SUMIFS('Transaksi Harian'!$J:$J, 'Transaksi Harian'!$A:$A, ">="&$B2, 'Transaksi Harian'!$A:$A, "<"&($B2+1), 'Transaksi Harian'!$K:$K, "TRANSFER") -> 0 | K2: =SUMIFS('Transaksi Harian'!$J:$J, 'Transaksi Harian'!$A:$A, ">="&$B2, 'Transaksi Harian'!$A:$A, "<"&($B2+1), 'Transaksi Harian'!$K:$K, TRIM(K$1)) -> 0
B3: 46205 | C3: =COUNTIFS('Transaksi Harian'!$A:$A, ">="&$B3, 'Transaksi Harian'!$A:$A, "<"&($B3+1)) -> 0 | D3: =SUMIFS('Transaksi Harian'!$H:$H, 'Transaksi Harian'!$A:$A, ">="&$B3, 'Transaksi Harian'!$A:$A, "<"&($B3+1)) -> 0 | E3: =SUMIFS('Transaksi Harian'!$J:$J, 'Transaksi Harian'!$A:$A, ">="&$B3, 'Transaksi Harian'!$A:$A, "<"&($B3+1)) -> 0 | F3: =E3-D3 -> 0 | H3: =SUMIFS('Transaksi Harian'!$J:$J, 'Transaksi Harian'!$A:$A, ">="&$B3, 'Transaksi Harian'!$A:$A, "<"&($B3+1), 'Transaksi Harian'!$K:$K, TRIM(H$1)) -> 0 | I3: =SUMIFS('Transaksi Harian'!$J:$J, 'Transaksi Harian'!$A:$A, ">="&$B3, 'Transaksi Harian'!$A:$A, "<"&($B3+1), 'Transaksi Harian'!$K:$K, TRIM(I$1)) -> 0 | J3: =SUMIFS('Transaksi Harian'!$J:$J, 'Transaksi Harian'!$A:$A, ">="&$B3, 'Transaksi Harian'!$A:$A, "<"&($B3+1), 'Transaksi Harian'!$K:$K, "TRANSFER") -> 0 | K3: =SUMIFS('Transaksi Harian'!$J:$J, 'Transaksi Harian'!$A:$A, ">="&$B3, 'Transaksi Harian'!$A:$A, "<"&($B3+1), 'Transaksi Harian'!$K:$K, TRIM(K$1)) -> 0
B4: 46206 | C4: =COUNTIFS('Transaksi Harian'!$A:$A, ">="&$B4, 'Transaksi Harian'!$A:$A, "<"&($B4+1)) -> 0 | D4: =SUMIFS('Transaksi Harian'!$H:$H, 'Transaksi Harian'!$A:$A, ">="&$B4, 'Transaksi Harian'!$A:$A, "<"&($B4+1)) -> 0 | E4: =SUMIFS('Transaksi Harian'!$J:$J, 'Transaksi Harian'!$A:$A, ">="&$B4, 'Transaksi Harian'!$A:$A, "<"&($B4+1)) -> 0 | F4: =E4-D4 -> 0 | H4: =SUMIFS('Transaksi Harian'!$J:$J, 'Transaksi Harian'!$A:$A, ">="&$B4, 'Transaksi Harian'!$A:$A, "<"&($B4+1), 'Transaksi Harian'!$K:$K, TRIM(H$1)) -> 0 | I4: =SUMIFS('Transaksi Harian'!$J:$J, 'Transaksi Harian'!$A:$A, ">="&$B4, 'Transaksi Harian'!$A:$A, "<"&($B4+1), 'Transaksi Harian'!$K:$K, TRIM(I$1)) -> 0 | J4: =SUMIFS('Transaksi Harian'!$J:$J, 'Transaksi Harian'!$A:$A, ">="&$B4, 'Transaksi Harian'!$A:$A, "<"&($B4+1), 'Transaksi Harian'!$K:$K, "TRANSFER") -> 0 | K4: =SUMIFS('Transaksi Harian'!$J:$J, 'Transaksi Harian'!$A:$A, ">="&$B4, 'Transaksi Harian'!$A:$A, "<"&($B4+1), 'Transaksi Harian'!$K:$K, TRIM(K$1)) -> 0
B5: 46207 | C5: =COUNTIFS('Transaksi Harian'!$A:$A, ">="&$B5, 'Transaksi Harian'!$A:$A, "<"&($B5+1)) -> 0 | D5: =SUMIFS('Transaksi Harian'!$H:$H, 'Transaksi Harian'!$A:$A, ">="&$B5, 'Transaksi Harian'!$A:$A, "<"&($B5+1)) -> 0 | E5: =SUMIFS('Transaksi Harian'!$J:$J, 'Transaksi Harian'!$A:$A, ">="&$B5, 'Transaksi Harian'!$A:$A, "<"&($B5+1)) -> 0 | F5: =E5-D5 -> 0 | H5: =SUMIFS('Transaksi Harian'!$J:$J, 'Transaksi Harian'!$A:$A, ">="&$B5, 'Transaksi Harian'!$A:$A, "<"&($B5+1), 'Transaksi Harian'!$K:$K, TRIM(H$1)) -> 0 | I5: =SUMIFS('Transaksi Harian'!$J:$J, 'Transaksi Harian'!$A:$A, ">="&$B5, 'Transaksi Harian'!$A:$A, "<"&($B5+1), 'Transaksi Harian'!$K:$K, TRIM(I$1)) -> 0 | J5: =SUMIFS('Transaksi Harian'!$J:$J, 'Transaksi Harian'!$A:$A, ">="&$B5, 'Transaksi Harian'!$A:$A, "<"&($B5+1), 'Transaksi Harian'!$K:$K, "TRANSFER") -> 0 | K5: =SUMIFS('Transaksi Harian'!$J:$J, 'Transaksi Harian'!$A:$A, ">="&$B5, 'Transaksi Harian'!$A:$A, "<"&($B5+1), 'Transaksi Harian'!$K:$K, TRIM(K$1)) -> 0
B6: 46208 | C6: =COUNTIFS('Transaksi Harian'!$A:$A, ">="&$B6, 'Transaksi Harian'!$A:$A, "<"&($B6+1)) -> 0 | D6: =SUMIFS('Transaksi Harian'!$H:$H, 'Transaksi Harian'!$A:$A, ">="&$B6, 'Transaksi Harian'!$A:$A, "<"&($B6+1)) -> 0 | E6: =SUMIFS('Transaksi Harian'!$J:$J, 'Transaksi Harian'!$A:$A, ">="&$B6, 'Transaksi Harian'!$A:$A, "<"&($B6+1)) -> 0 | F6: =E6-D6 -> 0 | H6: =SUMIFS('Transaksi Harian'!$J:$J, 'Transaksi Harian'!$A:$A, ">="&$B6, 'Transaksi Harian'!$A:$A, "<"&($B6+1), 'Transaksi Harian'!$K:$K, TRIM(H$1)) -> 0 | I6: =SUMIFS('Transaksi Harian'!$J:$J, 'Transaksi Harian'!$A:$A, ">="&$B6, 'Transaksi Harian'!$A:$A, "<"&($B6+1), 'Transaksi Harian'!$K:$K, TRIM(I$1)) -> 0 | J6: =SUMIFS('Transaksi Harian'!$J:$J, 'Transaksi Harian'!$A:$A, ">="&$B6, 'Transaksi Harian'!$A:$A, "<"&($B6+1), 'Transaksi Harian'!$K:$K, "TRANSFER") -> 0 | K6: =SUMIFS('Transaksi Harian'!$J:$J, 'Transaksi Harian'!$A:$A, ">="&$B6, 'Transaksi Harian'!$A:$A, "<"&($B6+1), 'Transaksi Harian'!$K:$K, TRIM(K$1)) -> 0
B7: 46209 | C7: =COUNTIFS('Transaksi Harian'!$A:$A, ">="&$B7, 'Transaksi Harian'!$A:$A, "<"&($B7+1)) -> 0 | D7: =SUMIFS('Transaksi Harian'!$H:$H, 'Transaksi Harian'!$A:$A, ">="&$B7, 'Transaksi Harian'!$A:$A, "<"&($B7+1)) -> 0 | E7: =SUMIFS('Transaksi Harian'!$J:$J, 'Transaksi Harian'!$A:$A, ">="&$B7, 'Transaksi Harian'!$A:$A, "<"&($B7+1)) -> 0 | F7: =E7-D7 -> 0 | H7: =SUMIFS('Transaksi Harian'!$J:$J, 'Transaksi Harian'!$A:$A, ">="&$B7, 'Transaksi Harian'!$A:$A, "<"&($B7+1), 'Transaksi Harian'!$K:$K, TRIM(H$1)) -> 0 | I7: =SUMIFS('Transaksi Harian'!$J:$J, 'Transaksi Harian'!$A:$A, ">="&$B7, 'Transaksi Harian'!$A:$A, "<"&($B7+1), 'Transaksi Harian'!$K:$K, TRIM(I$1)) -> 0 | J7: =SUMIFS('Transaksi Harian'!$J:$J, 'Transaksi Harian'!$A:$A, ">="&$B7, 'Transaksi Harian'!$A:$A, "<"&($B7+1), 'Transaksi Harian'!$K:$K, "TRANSFER") -> 0 | K7: =SUMIFS('Transaksi Harian'!$J:$J, 'Transaksi Harian'!$A:$A, ">="&$B7, 'Transaksi Harian'!$A:$A, "<"&($B7+1), 'Transaksi Harian'!$K:$K, TRIM(K$1)) -> 0
B8: 46210 | C8: =COUNTIFS('Transaksi Harian'!$A:$A, ">="&$B8, 'Transaksi Harian'!$A:$A, "<"&($B8+1)) -> 0 | D8: =SUMIFS('Transaksi Harian'!$H:$H, 'Transaksi Harian'!$A:$A, ">="&$B8, 'Transaksi Harian'!$A:$A, "<"&($B8+1)) -> 0 | E8: =SUMIFS('Transaksi Harian'!$J:$J, 'Transaksi Harian'!$A:$A, ">="&$B8, 'Transaksi Harian'!$A:$A, "<"&($B8+1)) -> 0 | F8: =E8-D8 -> 0 | H8: =SUMIFS('Transaksi Harian'!$J:$J, 'Transaksi Harian'!$A:$A, ">="&$B8, 'Transaksi Harian'!$A:$A, "<"&($B8+1), 'Transaksi Harian'!$K:$K, TRIM(H$1)) -> 0 | I8: =SUMIFS('Transaksi Harian'!$J:$J, 'Transaksi Harian'!$A:$A, ">="&$B8, 'Transaksi Harian'!$A:$A, "<"&($B8+1), 'Transaksi Harian'!$K:$K, TRIM(I$1)) -> 0 | J8: =SUMIFS('Transaksi Harian'!$J:$J, 'Transaksi Harian'!$A:$A, ">="&$B8, 'Transaksi Harian'!$A:$A, "<"&($B8+1), 'Transaksi Harian'!$K:$K, "TRANSFER") -> 0 | K8: =SUMIFS('Transaksi Harian'!$J:$J, 'Transaksi Harian'!$A:$A, ">="&$B8, 'Transaksi Harian'!$A:$A, "<"&($B8+1), 'Transaksi Harian'!$K:$K, TRIM(K$1)) -> 0
B9: 46211 | C9: =COUNTIFS('Transaksi Harian'!$A:$A, ">="&$B9, 'Transaksi Harian'!$A:$A, "<"&($B9+1)) -> 0 | D9: =SUMIFS('Transaksi Harian'!$H:$H, 'Transaksi Harian'!$A:$A, ">="&$B9, 'Transaksi Harian'!$A:$A, "<"&($B9+1)) -> 0 | E9: =SUMIFS('Transaksi Harian'!$J:$J, 'Transaksi Harian'!$A:$A, ">="&$B9, 'Transaksi Harian'!$A:$A, "<"&($B9+1)) -> 0 | F9: =E9-D9 -> 0 | H9: =SUMIFS('Transaksi Harian'!$J:$J, 'Transaksi Harian'!$A:$A, ">="&$B9, 'Transaksi Harian'!$A:$A, "<"&($B9+1), 'Transaksi Harian'!$K:$K, TRIM(H$1)) -> 0 | I9: =SUMIFS('Transaksi Harian'!$J:$J, 'Transaksi Harian'!$A:$A, ">="&$B9, 'Transaksi Harian'!$A:$A, "<"&($B9+1), 'Transaksi Harian'!$K:$K, TRIM(I$1)) -> 0 | J9: =SUMIFS('Transaksi Harian'!$J:$J, 'Transaksi Harian'!$A:$A, ">="&$B9, 'Transaksi Harian'!$A:$A, "<"&($B9+1), 'Transaksi Harian'!$K:$K, "TRANSFER") -> 0 | K9: =SUMIFS('Transaksi Harian'!$J:$J, 'Transaksi Harian'!$A:$A, ">="&$B9, 'Transaksi Harian'!$A:$A, "<"&($B9+1), 'Transaksi Harian'!$K:$K, TRIM(K$1)) -> 0
B10: 46212 | C10: =COUNTIFS('Transaksi Harian'!$A:$A, ">="&$B10, 'Transaksi Harian'!$A:$A, "<"&($B10+1)) -> 0 | D10: =SUMIFS('Transaksi Harian'!$H:$H, 'Transaksi Harian'!$A:$A, ">="&$B10, 'Transaksi Harian'!$A:$A, "<"&($B10+1)) -> 0 | E10: =SUMIFS('Transaksi Harian'!$J:$J, 'Transaksi Harian'!$A:$A, ">="&$B10, 'Transaksi Harian'!$A:$A, "<"&($B10+1)) -> 0 | F10: =E10-D10 -> 0 | H10: =SUMIFS('Transaksi Harian'!$J:$J, 'Transaksi Harian'!$A:$A, ">="&$B10, 'Transaksi Harian'!$A:$A, "<"&($B10+1), 'Transaksi Harian'!$K:$K, TRIM(H$1)) -> 0 | I10: =SUMIFS('Transaksi Harian'!$J:$J, 'Transaksi Harian'!$A:$A, ">="&$B10, 'Transaksi Harian'!$A:$A, "<"&($B10+1), 'Transaksi Harian'!$K:$K, TRIM(I$1)) -> 0 | J10: =SUMIFS('Transaksi Harian'!$J:$J, 'Transaksi Harian'!$A:$A, ">="&$B10, 'Transaksi Harian'!$A:$A, "<"&($B10+1), 'Transaksi Harian'!$K:$K, "TRANSFER") -> 0 | K10: =SUMIFS('Transaksi Harian'!$J:$J, 'Transaksi Harian'!$A:$A, ">="&$B10, 'Transaksi Harian'!$A:$A, "<"&($B10+1), 'Transaksi Harian'!$K:$K, TRIM(K$1)) -> 0
B11: 46213 | C11: =COUNTIFS('Transaksi Harian'!$A:$A, ">="&$B11, 'Transaksi Harian'!$A:$A, "<"&($B11+1)) -> 0 | D11: =SUMIFS('Transaksi Harian'!$H:$H, 'Transaksi Harian'!$A:$A, ">="&$B11, 'Transaksi Harian'!$A:$A, "<"&($B11+1)) -> 0 | E11: =SUMIFS('Transaksi Harian'!$J:$J, 'Transaksi Harian'!$A:$A, ">="&$B11, 'Transaksi Harian'!$A:$A, "<"&($B11+1)) -> 0 | F11: =E11-D11 -> 0 | H11: =SUMIFS('Transaksi Harian'!$J:$J, 'Transaksi Harian'!$A:$A, ">="&$B11, 'Transaksi Harian'!$A:$A, "<"&($B11+1), 'Transaksi Harian'!$K:$K, TRIM(H$1)) -> 0 | I11: =SUMIFS('Transaksi Harian'!$J:$J, 'Transaksi Harian'!$A:$A, ">="&$B11, 'Transaksi Harian'!$A:$A, "<"&($B11+1), 'Transaksi Harian'!$K:$K, TRIM(I$1)) -> 0 | J11: =SUMIFS('Transaksi Harian'!$J:$J, 'Transaksi Harian'!$A:$A, ">="&$B11, 'Transaksi Harian'!$A:$A, "<"&($B11+1), 'Transaksi Harian'!$K:$K, "TRANSFER") -> 0 | K11: =SUMIFS('Transaksi Harian'!$J:$J, 'Transaksi Harian'!$A:$A, ">="&$B11, 'Transaksi Harian'!$A:$A, "<"&($B11+1), 'Transaksi Harian'!$K:$K, TRIM(K$1)) -> 0
B12: 46214 | C12: =COUNTIFS('Transaksi Harian'!$A:$A, ">="&$B12, 'Transaksi Harian'!$A:$A, "<"&($B12+1)) -> 0 | D12: =SUMIFS('Transaksi Harian'!$H:$H, 'Transaksi Harian'!$A:$A, ">="&$B12, 'Transaksi Harian'!$A:$A, "<"&($B12+1)) -> 0 | E12: =SUMIFS('Transaksi Harian'!$J:$J, 'Transaksi Harian'!$A:$A, ">="&$B12, 'Transaksi Harian'!$A:$A, "<"&($B12+1)) -> 0 | F12: =E12-D12 -> 0 | H12: =SUMIFS('Transaksi Harian'!$J:$J, 'Transaksi Harian'!$A:$A, ">="&$B12, 'Transaksi Harian'!$A:$A, "<"&($B12+1), 'Transaksi Harian'!$K:$K, TRIM(H$1)) -> 0 | I12: =SUMIFS('Transaksi Harian'!$J:$J, 'Transaksi Harian'!$A:$A, ">="&$B12, 'Transaksi Harian'!$A:$A, "<"&($B12+1), 'Transaksi Harian'!$K:$K, TRIM(I$1)) -> 0 | J12: =SUMIFS('Transaksi Harian'!$J:$J, 'Transaksi Harian'!$A:$A, ">="&$B12, 'Transaksi Harian'!$A:$A, "<"&($B12+1), 'Transaksi Harian'!$K:$K, "TRANSFER") -> 0 | K12: =SUMIFS('Transaksi Harian'!$J:$J, 'Transaksi Harian'!$A:$A, ">="&$B12, 'Transaksi Harian'!$A:$A, "<"&($B12+1), 'Transaksi Harian'!$K:$K, TRIM(K$1)) -> 0
B13: 46215 | C13: =COUNTIFS('Transaksi Harian'!$A:$A, ">="&$B13, 'Transaksi Harian'!$A:$A, "<"&($B13+1)) -> 0 | D13: =SUMIFS('Transaksi Harian'!$H:$H, 'Transaksi Harian'!$A:$A, ">="&$B13, 'Transaksi Harian'!$A:$A, "<"&($B13+1)) -> 0 | E13: =SUMIFS('Transaksi Harian'!$J:$J, 'Transaksi Harian'!$A:$A, ">="&$B13, 'Transaksi Harian'!$A:$A, "<"&($B13+1)) -> 0 | F13: =E13-D13 -> 0 | H13: =SUMIFS('Transaksi Harian'!$J:$J, 'Transaksi Harian'!$A:$A, ">="&$B13, 'Transaksi Harian'!$A:$A, "<"&($B13+1), 'Transaksi Harian'!$K:$K, TRIM(H$1)) -> 0 | I13: =SUMIFS('Transaksi Harian'!$J:$J, 'Transaksi Harian'!$A:$A, ">="&$B13, 'Transaksi Harian'!$A:$A, "<"&($B13+1), 'Transaksi Harian'!$K:$K, TRIM(I$1)) -> 0 | J13: =SUMIFS('Transaksi Harian'!$J:$J, 'Transaksi Harian'!$A:$A, ">="&$B13, 'Transaksi Harian'!$A:$A, "<"&($B13+1), 'Transaksi Harian'!$K:$K, "TRANSFER") -> 0 | K13: =SUMIFS('Transaksi Harian'!$J:$J, 'Transaksi Harian'!$A:$A, ">="&$B13, 'Transaksi Harian'!$A:$A, "<"&($B13+1), 'Transaksi Harian'!$K:$K, TRIM(K$1)) -> 0
B14: 46216 | C14: =COUNTIFS('Transaksi Harian'!$A:$A, ">="&$B14, 'Transaksi Harian'!$A:$A, "<"&($B14+1)) -> 0 | D14: =SUMIFS('Transaksi Harian'!$H:$H, 'Transaksi Harian'!$A:$A, ">="&$B14, 'Transaksi Harian'!$A:$A, "<"&($B14+1)) -> 0 | E14: =SUMIFS('Transaksi Harian'!$J:$J, 'Transaksi Harian'!$A:$A, ">="&$B14, 'Transaksi Harian'!$A:$A, "<"&($B14+1)) -> 0 | F14: =E14-D14 -> 0 | H14: =SUMIFS('Transaksi Harian'!$J:$J, 'Transaksi Harian'!$A:$A, ">="&$B14, 'Transaksi Harian'!$A:$A, "<"&($B14+1), 'Transaksi Harian'!$K:$K, TRIM(H$1)) -> 0 | I14: =SUMIFS('Transaksi Harian'!$J:$J, 'Transaksi Harian'!$A:$A, ">="&$B14, 'Transaksi Harian'!$A:$A, "<"&($B14+1), 'Transaksi Harian'!$K:$K, TRIM(I$1)) -> 0 | J14: =SUMIFS('Transaksi Harian'!$J:$J, 'Transaksi Harian'!$A:$A, ">="&$B14, 'Transaksi Harian'!$A:$A, "<"&($B14+1), 'Transaksi Harian'!$K:$K, "TRANSFER") -> 0 | K14: =SUMIFS('Transaksi Harian'!$J:$J, 'Transaksi Harian'!$A:$A, ">="&$B14, 'Transaksi Harian'!$A:$A, "<"&($B14+1), 'Transaksi Harian'!$K:$K, TRIM(K$1)) -> 0
... B32: 46234 | C32: =COUNTIFS('Transaksi Harian'!$A:$A, ">="&$B32, 'Transaksi Harian'!$A:$A, "<"&($B32+1)) -> 0 | D32: =SUMIFS('Transaksi Harian'!$H:$H, 'Transaksi Harian'!$A:$A, ">="&$B32, 'Transaksi Harian'!$A:$A, "<"&($B32+1)) -> 0 | E32: =SUMIFS('Transaksi Harian'!$J:$J, 'Transaksi Harian'!$A:$A, ">="&$B32, 'Transaksi Harian'!$A:$A, "<"&($B32+1)) -> 0 | F32: =E32-D32 -> 0 | H32: =SUMIFS('Transaksi Harian'!$J:$J, 'Transaksi Harian'!$A:$A, ">="&$B32, 'Transaksi Harian'!$A:$A, "<"&($B32+1), 'Transaksi Harian'!$K:$K, TRIM(H$1)) -> 0 | I32: =SUMIFS('Transaksi Harian'!$J:$J, 'Transaksi Harian'!$A:$A, ">="&$B32, 'Transaksi Harian'!$A:$A, "<"&($B32+1), 'Transaksi Harian'!$K:$K, TRIM(I$1)) -> 0 | J32: =SUMIFS('Transaksi Harian'!$J:$J, 'Transaksi Harian'!$A:$A, ">="&$B32, 'Transaksi Harian'!$A:$A, "<"&($B32+1), 'Transaksi Harian'!$K:$K, "TRANSFER") -> 0 | K32: =SUMIFS('Transaksi Harian'!$J:$J, 'Transaksi Harian'!$A:$A, ">="&$B32, 'Transaksi Harian'!$A:$A, "<"&($B32+1), 'Transaksi Harian'!$K:$K, TRIM(K$1)) -> 0
C36: TOTAL MARGIN
C37: TOTAL TRANSAKSI

Sheet Laporan Bulanan
B1: Tanggal | C1: Total Transaksi | D1: Aksesoris | E1: Multi | F1: Transfer | G1: Lain-lain | H1: Margin Penjualan
B2: 46174 | C2: =COUNTIFS('Transaksi Harian'!$A:$A, ">="&$B2, 'Transaksi Harian'!$A:$A, "<"&($B2+1)) -> 0 | D2: =SUMIFS('Transaksi Harian'!$J:$J, 'Transaksi Harian'!$A:$A, ">="&$B2, 'Transaksi Harian'!$A:$A, "<"&($B2+1), 'Transaksi Harian'!$D:$D, TRIM(D$1)) -> 0 | E2: =SUMIFS('Transaksi Harian'!$J:$J, 'Transaksi Harian'!$A:$A, ">="&$B2, 'Transaksi Harian'!$A:$A, "<"&($B2+1), 'Transaksi Harian'!$D:$D, TRIM(E$1)) -> 0 | F2: =SUMIFS('Transaksi Harian'!$J:$J, 'Transaksi Harian'!$A:$A, ">="&$B2, 'Transaksi Harian'!$A:$A, "<"&($B2+1), 'Transaksi Harian'!$D:$D, TRIM(F$1)) -> 0 | G2: =SUMIFS('Transaksi Harian'!$J:$J, 'Transaksi Harian'!$A:$A, ">="&$B2, 'Transaksi Harian'!$A:$A, "<"&($B2+1), 'Transaksi Harian'!$D:$D, TRIM(G$1)) -> 0 | H2: =SUMIFS('Transaksi Harian'!$J:$J, 'Transaksi Harian'!$A:$A, ">="&$B2, 'Transaksi Harian'!$A:$A, "<"&($B2+1)) - SUMIFS('Transaksi Harian'!$H:$H, 'Transaksi Harian'!$A:$A, ">="&$B2, 'Transaksi Harian'!$A:$A, "<"&($B2+1)) -> 0
B3: 46175 | C3: =COUNTIFS('Transaksi Harian'!$A:$A, ">="&$B3, 'Transaksi Harian'!$A:$A, "<"&($B3+1)) -> 0 | D3: =SUMIFS('Transaksi Harian'!$J:$J, 'Transaksi Harian'!$A:$A, ">="&$B3, 'Transaksi Harian'!$A:$A, "<"&($B3+1), 'Transaksi Harian'!$D:$D, TRIM(D$1)) -> 0 | E3: =SUMIFS('Transaksi Harian'!$J:$J, 'Transaksi Harian'!$A:$A, ">="&$B3, 'Transaksi Harian'!$A:$A, "<"&($B3+1), 'Transaksi Harian'!$D:$D, TRIM(E$1)) -> 0 | F3: =SUMIFS('Transaksi Harian'!$J:$J, 'Transaksi Harian'!$A:$A, ">="&$B3, 'Transaksi Harian'!$A:$A, "<"&($B3+1), 'Transaksi Harian'!$D:$D, TRIM(F$1)) -> 0 | G3: =SUMIFS('Transaksi Harian'!$J:$J, 'Transaksi Harian'!$A:$A, ">="&$B3, 'Transaksi Harian'!$A:$A, "<"&($B3+1), 'Transaksi Harian'!$D:$D, TRIM(G$1)) -> 0 | H3: =SUMIFS('Transaksi Harian'!$J:$J, 'Transaksi Harian'!$A:$A, ">="&$B3, 'Transaksi Harian'!$A:$A, "<"&($B3+1)) - SUMIFS('Transaksi Harian'!$H:$H, 'Transaksi Harian'!$A:$A, ">="&$B3, 'Transaksi Harian'!$A:$A, "<"&($B3+1)) -> 0
B4: 46176 | C4: =COUNTIFS('Transaksi Harian'!$A:$A, ">="&$B4, 'Transaksi Harian'!$A:$A, "<"&($B4+1)) -> 0 | D4: =SUMIFS('Transaksi Harian'!$J:$J, 'Transaksi Harian'!$A:$A, ">="&$B4, 'Transaksi Harian'!$A:$A, "<"&($B4+1), 'Transaksi Harian'!$D:$D, TRIM(D$1)) -> 0 | E4: =SUMIFS('Transaksi Harian'!$J:$J, 'Transaksi Harian'!$A:$A, ">="&$B4, 'Transaksi Harian'!$A:$A, "<"&($B4+1), 'Transaksi Harian'!$D:$D, TRIM(E$1)) -> 0 | F4: =SUMIFS('Transaksi Harian'!$J:$J, 'Transaksi Harian'!$A:$A, ">="&$B4, 'Transaksi Harian'!$A:$A, "<"&($B4+1), 'Transaksi Harian'!$D:$D, TRIM(F$1)) -> 0 | G4: =SUMIFS('Transaksi Harian'!$J:$J, 'Transaksi Harian'!$A:$A, ">="&$B4, 'Transaksi Harian'!$A:$A, "<"&($B4+1), 'Transaksi Harian'!$D:$D, TRIM(G$1)) -> 0 | H4: =SUMIFS('Transaksi Harian'!$J:$J, 'Transaksi Harian'!$A:$A, ">="&$B4, 'Transaksi Harian'!$A:$A, "<"&($B4+1)) - SUMIFS('Transaksi Harian'!$H:$H, 'Transaksi Harian'!$A:$A, ">="&$B4, 'Transaksi Harian'!$A:$A, "<"&($B4+1)) -> 0
B5: 46177 | C5: =COUNTIFS('Transaksi Harian'!$A:$A, ">="&$B5, 'Transaksi Harian'!$A:$A, "<"&($B5+1)) -> 0 | D5: =SUMIFS('Transaksi Harian'!$J:$J, 'Transaksi Harian'!$A:$A, ">="&$B5, 'Transaksi Harian'!$A:$A, "<"&($B5+1), 'Transaksi Harian'!$D:$D, TRIM(D$1)) -> 0 | E5: =SUMIFS('Transaksi Harian'!$J:$J, 'Transaksi Harian'!$A:$A, ">="&$B5, 'Transaksi Harian'!$A:$A, "<"&($B5+1), 'Transaksi Harian'!$D:$D, TRIM(E$1)) -> 0 | F5: =SUMIFS('Transaksi Harian'!$J:$J, 'Transaksi Harian'!$A:$A, ">="&$B5, 'Transaksi Harian'!$A:$A, "<"&($B5+1), 'Transaksi Harian'!$D:$D, TRIM(F$1)) -> 0 | G5: =SUMIFS('Transaksi Harian'!$J:$J, 'Transaksi Harian'!$A:$A, ">="&$B5, 'Transaksi Harian'!$A:$A, "<"&($B5+1), 'Transaksi Harian'!$D:$D, TRIM(G$1)) -> 0 | H5: =SUMIFS('Transaksi Harian'!$J:$J, 'Transaksi Harian'!$A:$A, ">="&$B5, 'Transaksi Harian'!$A:$A, "<"&($B5+1)) - SUMIFS('Transaksi Harian'!$H:$H, 'Transaksi Harian'!$A:$A, ">="&$B5, 'Transaksi Harian'!$A:$A, "<"&($B5+1)) -> 0
B6: 46178 | C6: =COUNTIFS('Transaksi Harian'!$A:$A, ">="&$B6, 'Transaksi Harian'!$A:$A, "<"&($B6+1)) -> 0 | D6: =SUMIFS('Transaksi Harian'!$J:$J, 'Transaksi Harian'!$A:$A, ">="&$B6, 'Transaksi Harian'!$A:$A, "<"&($B6+1), 'Transaksi Harian'!$D:$D, TRIM(D$1)) -> 0 | E6: =SUMIFS('Transaksi Harian'!$J:$J, 'Transaksi Harian'!$A:$A, ">="&$B6, 'Transaksi Harian'!$A:$A, "<"&($B6+1), 'Transaksi Harian'!$D:$D, TRIM(E$1)) -> 0 | F6: =SUMIFS('Transaksi Harian'!$J:$J, 'Transaksi Harian'!$A:$A, ">="&$B6, 'Transaksi Harian'!$A:$A, "<"&($B6+1), 'Transaksi Harian'!$D:$D, TRIM(F$1)) -> 0 | G6: =SUMIFS('Transaksi Harian'!$J:$J, 'Transaksi Harian'!$A:$A, ">="&$B6, 'Transaksi Harian'!$A:$A, "<"&($B6+1), 'Transaksi Harian'!$D:$D, TRIM(G$1)) -> 0 | H6: =SUMIFS('Transaksi Harian'!$J:$J, 'Transaksi Harian'!$A:$A, ">="&$B6, 'Transaksi Harian'!$A:$A, "<"&($B6+1)) - SUMIFS('Transaksi Harian'!$H:$H, 'Transaksi Harian'!$A:$A, ">="&$B6, 'Transaksi Harian'!$A:$A, "<"&($B6+1)) -> 0
B7: 46179 | C7: =COUNTIFS('Transaksi Harian'!$A:$A, ">="&$B7, 'Transaksi Harian'!$A:$A, "<"&($B7+1)) -> 0 | D7: =SUMIFS('Transaksi Harian'!$J:$J, 'Transaksi Harian'!$A:$A, ">="&$B7, 'Transaksi Harian'!$A:$A, "<"&($B7+1), 'Transaksi Harian'!$D:$D, TRIM(D$1)) -> 0 | E7: =SUMIFS('Transaksi Harian'!$J:$J, 'Transaksi Harian'!$A:$A, ">="&$B7, 'Transaksi Harian'!$A:$A, "<"&($B7+1), 'Transaksi Harian'!$D:$D, TRIM(E$1)) -> 0 | F7: =SUMIFS('Transaksi Harian'!$J:$J, 'Transaksi Harian'!$A:$A, ">="&$B7, 'Transaksi Harian'!$A:$A, "<"&($B7+1), 'Transaksi Harian'!$D:$D, TRIM(F$1)) -> 0 | G7: =SUMIFS('Transaksi Harian'!$J:$J, 'Transaksi Harian'!$A:$A, ">="&$B7, 'Transaksi Harian'!$A:$A, "<"&($B7+1), 'Transaksi Harian'!$D:$D, TRIM(G$1)) -> 0 | H7: =SUMIFS('Transaksi Harian'!$J:$J, 'Transaksi Harian'!$A:$A, ">="&$B7, 'Transaksi Harian'!$A:$A, "<"&($B7+1)) - SUMIFS('Transaksi Harian'!$H:$H, 'Transaksi Harian'!$A:$A, ">="&$B7, 'Transaksi Harian'!$A:$A, "<"&($B7+1)) -> 0
B8: 46180 | C8: =COUNTIFS('Transaksi Harian'!$A:$A, ">="&$B8, 'Transaksi Harian'!$A:$A, "<"&($B8+1)) -> 0 | D8: =SUMIFS('Transaksi Harian'!$J:$J, 'Transaksi Harian'!$A:$A, ">="&$B8, 'Transaksi Harian'!$A:$A, "<"&($B8+1), 'Transaksi Harian'!$D:$D, TRIM(D$1)) -> 0 | E8: =SUMIFS('Transaksi Harian'!$J:$J, 'Transaksi Harian'!$A:$A, ">="&$B8, 'Transaksi Harian'!$A:$A, "<"&($B8+1), 'Transaksi Harian'!$D:$D, TRIM(E$1)) -> 0 | F8: =SUMIFS('Transaksi Harian'!$J:$J, 'Transaksi Harian'!$A:$A, ">="&$B8, 'Transaksi Harian'!$A:$A, "<"&($B8+1), 'Transaksi Harian'!$D:$D, TRIM(F$1)) -> 0 | G8: =SUMIFS('Transaksi Harian'!$J:$J, 'Transaksi Harian'!$A:$A, ">="&$B8, 'Transaksi Harian'!$A:$A, "<"&($B8+1), 'Transaksi Harian'!$D:$D, TRIM(G$1)) -> 0 | H8: =SUMIFS('Transaksi Harian'!$J:$J, 'Transaksi Harian'!$A:$A, ">="&$B8, 'Transaksi Harian'!$A:$A, "<"&($B8+1)) - SUMIFS('Transaksi Harian'!$H:$H, 'Transaksi Harian'!$A:$A, ">="&$B8, 'Transaksi Harian'!$A:$A, "<"&($B8+1)) -> 0
B9: 46181 | C9: =COUNTIFS('Transaksi Harian'!$A:$A, ">="&$B9, 'Transaksi Harian'!$A:$A, "<"&($B9+1)) -> 0 | D9: =SUMIFS('Transaksi Harian'!$J:$J, 'Transaksi Harian'!$A:$A, ">="&$B9, 'Transaksi Harian'!$A:$A, "<"&($B9+1), 'Transaksi Harian'!$D:$D, TRIM(D$1)) -> 0 | E9: =SUMIFS('Transaksi Harian'!$J:$J, 'Transaksi Harian'!$A:$A, ">="&$B9, 'Transaksi Harian'!$A:$A, "<"&($B9+1), 'Transaksi Harian'!$D:$D, TRIM(E$1)) -> 0 | F9: =SUMIFS('Transaksi Harian'!$J:$J, 'Transaksi Harian'!$A:$A, ">="&$B9, 'Transaksi Harian'!$A:$A, "<"&($B9+1), 'Transaksi Harian'!$D:$D, TRIM(F$1)) -> 0 | G9: =SUMIFS('Transaksi Harian'!$J:$J, 'Transaksi Harian'!$A:$A, ">="&$B9, 'Transaksi Harian'!$A:$A, "<"&($B9+1), 'Transaksi Harian'!$D:$D, TRIM(G$1)) -> 0 | H9: =SUMIFS('Transaksi Harian'!$J:$J, 'Transaksi Harian'!$A:$A, ">="&$B9, 'Transaksi Harian'!$A:$A, "<"&($B9+1)) - SUMIFS('Transaksi Harian'!$H:$H, 'Transaksi Harian'!$A:$A, ">="&$B9, 'Transaksi Harian'!$A:$A, "<"&($B9+1)) -> 0
B10: 46182 | C10: =COUNTIFS('Transaksi Harian'!$A:$A, ">="&$B10, 'Transaksi Harian'!$A:$A, "<"&($B10+1)) -> 0 | D10: =SUMIFS('Transaksi Harian'!$J:$J, 'Transaksi Harian'!$A:$A, ">="&$B10, 'Transaksi Harian'!$A:$A, "<"&($B10+1), 'Transaksi Harian'!$D:$D, TRIM(D$1)) -> 0 | E10: =SUMIFS('Transaksi Harian'!$J:$J, 'Transaksi Harian'!$A:$A, ">="&$B10, 'Transaksi Harian'!$A:$A, "<"&($B10+1), 'Transaksi Harian'!$D:$D, TRIM(E$1)) -> 0 | F10: =SUMIFS('Transaksi Harian'!$J:$J, 'Transaksi Harian'!$A:$A, ">="&$B10, 'Transaksi Harian'!$A:$A, "<"&($B10+1), 'Transaksi Harian'!$D:$D, TRIM(F$1)) -> 0 | G10: =SUMIFS('Transaksi Harian'!$J:$J, 'Transaksi Harian'!$A:$A, ">="&$B10, 'Transaksi Harian'!$A:$A, "<"&($B10+1), 'Transaksi Harian'!$D:$D, TRIM(G$1)) -> 0 | H10: =SUMIFS('Transaksi Harian'!$J:$J, 'Transaksi Harian'!$A:$A, ">="&$B10, 'Transaksi Harian'!$A:$A, "<"&($B10+1)) - SUMIFS('Transaksi Harian'!$H:$H, 'Transaksi Harian'!$A:$A, ">="&$B10, 'Transaksi Harian'!$A:$A, "<"&($B10+1)) -> 0
B11: 46183 | C11: =COUNTIFS('Transaksi Harian'!$A:$A, ">="&$B11, 'Transaksi Harian'!$A:$A, "<"&($B11+1)) -> 0 | D11: =SUMIFS('Transaksi Harian'!$J:$J, 'Transaksi Harian'!$A:$A, ">="&$B11, 'Transaksi Harian'!$A:$A, "<"&($B11+1), 'Transaksi Harian'!$D:$D, TRIM(D$1)) -> 0 | E11: =SUMIFS('Transaksi Harian'!$J:$J, 'Transaksi Harian'!$A:$A, ">="&$B11, 'Transaksi Harian'!$A:$A, "<"&($B11+1), 'Transaksi Harian'!$D:$D, TRIM(E$1)) -> 0 | F11: =SUMIFS('Transaksi Harian'!$J:$J, 'Transaksi Harian'!$A:$A, ">="&$B11, 'Transaksi Harian'!$A:$A, "<"&($B11+1), 'Transaksi Harian'!$D:$D, TRIM(F$1)) -> 0 | G11: =SUMIFS('Transaksi Harian'!$J:$J, 'Transaksi Harian'!$A:$A, ">="&$B11, 'Transaksi Harian'!$A:$A, "<"&($B11+1), 'Transaksi Harian'!$D:$D, TRIM(G$1)) -> 0 | H11: =SUMIFS('Transaksi Harian'!$J:$J, 'Transaksi Harian'!$A:$A, ">="&$B11, 'Transaksi Harian'!$A:$A, "<"&($B11+1)) - SUMIFS('Transaksi Harian'!$H:$H, 'Transaksi Harian'!$A:$A, ">="&$B11, 'Transaksi Harian'!$A:$A, "<"&($B11+1)) -> 0
B12: 46184 | C12: =COUNTIFS('Transaksi Harian'!$A:$A, ">="&$B12, 'Transaksi Harian'!$A:$A, "<"&($B12+1)) -> 0 | D12: =SUMIFS('Transaksi Harian'!$J:$J, 'Transaksi Harian'!$A:$A, ">="&$B12, 'Transaksi Harian'!$A:$A, "<"&($B12+1), 'Transaksi Harian'!$D:$D, TRIM(D$1)) -> 0 | E12: =SUMIFS('Transaksi Harian'!$J:$J, 'Transaksi Harian'!$A:$A, ">="&$B12, 'Transaksi Harian'!$A:$A, "<"&($B12+1), 'Transaksi Harian'!$D:$D, TRIM(E$1)) -> 0 | F12: =SUMIFS('Transaksi Harian'!$J:$J, 'Transaksi Harian'!$A:$A, ">="&$B12, 'Transaksi Harian'!$A:$A, "<"&($B12+1), 'Transaksi Harian'!$D:$D, TRIM(F$1)) -> 0 | G12: =SUMIFS('Transaksi Harian'!$J:$J, 'Transaksi Harian'!$A:$A, ">="&$B12, 'Transaksi Harian'!$A:$A, "<"&($B12+1), 'Transaksi Harian'!$D:$D, TRIM(G$1)) -> 0 | H12: =SUMIFS('Transaksi Harian'!$J:$J, 'Transaksi Harian'!$A:$A, ">="&$B12, 'Transaksi Harian'!$A:$A, "<"&($B12+1)) - SUMIFS('Transaksi Harian'!$H:$H, 'Transaksi Harian'!$A:$A, ">="&$B12, 'Transaksi Harian'!$A:$A, "<"&($B12+1)) -> 0
B13: 46185 | C13: =COUNTIFS('Transaksi Harian'!$A:$A, ">="&$B13, 'Transaksi Harian'!$A:$A, "<"&($B13+1)) -> 0 | D13: =SUMIFS('Transaksi Harian'!$J:$J, 'Transaksi Harian'!$A:$A, ">="&$B13, 'Transaksi Harian'!$A:$A, "<"&($B13+1), 'Transaksi Harian'!$D:$D, TRIM(D$1)) -> 0 | E13: =SUMIFS('Transaksi Harian'!$J:$J, 'Transaksi Harian'!$A:$A, ">="&$B13, 'Transaksi Harian'!$A:$A, "<"&($B13+1), 'Transaksi Harian'!$D:$D, TRIM(E$1)) -> 0 | F13: =SUMIFS('Transaksi Harian'!$J:$J, 'Transaksi Harian'!$A:$A, ">="&$B13, 'Transaksi Harian'!$A:$A, "<"&($B13+1), 'Transaksi Harian'!$D:$D, TRIM(F$1)) -> 0 | G13: =SUMIFS('Transaksi Harian'!$J:$J, 'Transaksi Harian'!$A:$A, ">="&$B13, 'Transaksi Harian'!$A:$A, "<"&($B13+1), 'Transaksi Harian'!$D:$D, TRIM(G$1)) -> 0 | H13: =SUMIFS('Transaksi Harian'!$J:$J, 'Transaksi Harian'!$A:$A, ">="&$B13, 'Transaksi Harian'!$A:$A, "<"&($B13+1)) - SUMIFS('Transaksi Harian'!$H:$H, 'Transaksi Harian'!$A:$A, ">="&$B13, 'Transaksi Harian'!$A:$A, "<"&($B13+1)) -> 0
... B31: 46203 | C31: =COUNTIFS('Transaksi Harian'!$A:$A, ">="&$B31, 'Transaksi Harian'!$A:$A, "<"&($B31+1)) -> 0 | D31: =SUMIFS('Transaksi Harian'!$J:$J, 'Transaksi Harian'!$A:$A, ">="&$B31, 'Transaksi Harian'!$A:$A, "<"&($B31+1), 'Transaksi Harian'!$D:$D, TRIM(D$1)) -> 0 | E31: =SUMIFS('Transaksi Harian'!$J:$J, 'Transaksi Harian'!$A:$A, ">="&$B31, 'Transaksi Harian'!$A:$A, "<"&($B31+1), 'Transaksi Harian'!$D:$D, TRIM(E$1)) -> 0 | F31: =SUMIFS('Transaksi Harian'!$J:$J, 'Transaksi Harian'!$A:$A, ">="&$B31, 'Transaksi Harian'!$A:$A, "<"&($B31+1), 'Transaksi Harian'!$D:$D, TRIM(F$1)) -> 0 | G31: =SUMIFS('Transaksi Harian'!$J:$J, 'Transaksi Harian'!$A:$A, ">="&$B31, 'Transaksi Harian'!$A:$A, "<"&($B31+1), 'Transaksi Harian'!$D:$D, TRIM(G$1)) -> 0 | H31: =SUMIFS('Transaksi Harian'!$J:$J, 'Transaksi Harian'!$A:$A, ">="&$B31, 'Transaksi Harian'!$A:$A, "<"&($B31+1)) - SUMIFS('Transaksi Harian'!$H:$H, 'Transaksi Harian'!$A:$A, ">="&$B31, 'Transaksi Harian'!$A:$A, "<"&($B31+1)) -> 0
C32: =COUNTIFS('Transaksi Harian'!$A:$A, ">="&$B32, 'Transaksi Harian'!$A:$A, "<"&($B32+1)) -> 0 | D32: =SUMIFS('Transaksi Harian'!$J:$J, 'Transaksi Harian'!$A:$A, ">="&$B32, 'Transaksi Harian'!$A:$A, "<"&($B32+1), 'Transaksi Harian'!$D:$D, TRIM(D$1)) -> 0 | E32: =SUMIFS('Transaksi Harian'!$J:$J, 'Transaksi Harian'!$A:$A, ">="&$B32, 'Transaksi Harian'!$A:$A, "<"&($B32+1), 'Transaksi Harian'!$D:$D, TRIM(E$1)) -> 0 | F32: =SUMIFS('Transaksi Harian'!$J:$J, 'Transaksi Harian'!$A:$A, ">="&$B32, 'Transaksi Harian'!$A:$A, "<"&($B32+1), 'Transaksi Harian'!$D:$D, TRIM(F$1)) -> 0 | G32: =SUMIFS('Transaksi Harian'!$J:$J, 'Transaksi Harian'!$A:$A, ">="&$B32, 'Transaksi Harian'!$A:$A, "<"&($B32+1), 'Transaksi Harian'!$D:$D, TRIM(G$1)) -> 0 | H32: =SUMIFS('Transaksi Harian'!$J:$J, 'Transaksi Harian'!$A:$A, ">="&$B32, 'Transaksi Harian'!$A:$A, "<"&($B32+1)) - SUMIFS('Transaksi Harian'!$H:$H, 'Transaksi Harian'!$A:$A, ">="&$B32, 'Transaksi Harian'!$A:$A, "<"&($B32+1)) -> 0
B33: GRAND TOTAL

Sheet Form Responses 1
A1: Timestamp | B1: Pertanyaan Tanpa Judul

Sheet Master_Dropdown
A1: Daftar Barang/Layanan | C1: Kategori Dinamis | D1: Jenis Dinamis | F1: Nama Barang Dinamis | H1: Merk Dinamis
A2: =IFERROR(__xludf.DUMMYFUNCTION("SORT(UNIQUE(FILTER(VSTACK('Stok Digital'!C2:C2451, 'Stok Fisik'!C2:C2451), VSTACK('Stok Digital'!C2:C2451, 'Stok Fisik'!C2:C2451)<>"""")))"),"ACOME ACC Mini Fan AF002 Dark Blue") -> ACOME ACC Mini Fan AF002 Dark Blue | C2: =IFERROR(__xludf.DUMMYFUNCTION("IF('Input Produk Baru'!E3=""Fisik"", SORT(UNIQUE(FILTER('Stok Fisik'!B2:B2451, 'Stok Fisik'!B2:B2451<>""""))), IF('Input Produk Baru'!E3=""Digital"", SORT(UNIQUE(FILTER('Stok Digital'!B2:B2451, 'Stok Digital'!B2:B2451<>""""))), IFERROR(1/0)))"),"AKSESORIS") -> AKSESORIS | D2: =IFERROR(__xludf.DUMMYFUNCTION("IF('Input Produk Baru'!E3=""Fisik"", SORT(UNIQUE(FILTER('Stok Fisik'!E2:E2451, 'Stok Fisik'!E2:E2451<>""""))), IF('Input Produk Baru'!E3=""Digital"", SORT(UNIQUE(FILTER('Stok Digital'!E2:E2451, 'Stok Digital'!E2:E2451<>""""))), IFERROR(1/0)))"),"ADAPTER") -> ADAPTER | F2: =IFERROR(__xludf.DUMMYFUNCTION("IF('Input Produk Baru'!E3=""Fisik"", IFERROR(UNIQUE(FILTER('Stok Fisik'!C2:C2451, 'Stok Fisik'!C2:C2451<>""""))), IF('Input Produk Baru'!E3=""Digital"", IFERROR(UNIQUE(FILTER('Stok Digital'!C2:C2451, 'Stok Digital'!C2:C2451<>""""))), IFERROR(UNIQUE({FILTE"&"R('Stok Fisik'!C2:C2451, 'Stok Fisik'!C2:C2451<>""""); FILTER('Stok Digital'!C2:C2451, 'Stok Digital'!C2:C2451<>"""")}), """")))"),"vivan VSPT04T PRO") -> vivan VSPT04T PRO | H2: {=SORT(UNIQUE({TRIM('Stok Fisik'!D2:D2451); TRIM('Stok Digital'!D2:D2451)}))}
A3: =IFERROR(__xludf.DUMMYFUNCTION("""COMPUTED_VALUE"""),"ACOME ACC Ows Earphone A21 Black (SKU RJA-ACOM-0927)") -> ACOME ACC Ows Earphone A21 Black (SKU RJA-ACOM-0927) | C3: =IFERROR(__xludf.DUMMYFUNCTION("""COMPUTED_VALUE"""),"Aksesoris") -> Aksesoris | D3: =IFERROR(__xludf.DUMMYFUNCTION("""COMPUTED_VALUE"""),"AKSESORIS LAIN") -> AKSESORIS LAIN | F3: =IFERROR(__xludf.DUMMYFUNCTION("""COMPUTED_VALUE"""),"ACOME Microphone AWA-V7B Black") -> ACOME Microphone AWA-V7B Black | H3: ACOME
A4: =IFERROR(__xludf.DUMMYFUNCTION("""COMPUTED_VALUE"""),"ACOME ACC Ows Earphone A21 Black (SKU RJA-ACOM-0944)") -> ACOME ACC Ows Earphone A21 Black (SKU RJA-ACOM-0944) | C4: =IFERROR(__xludf.DUMMYFUNCTION("""COMPUTED_VALUE"""),"LAIN LAIN") -> LAIN LAIN | D4: =IFERROR(__xludf.DUMMYFUNCTION("""COMPUTED_VALUE"""),"Aksesoris Lainnya") -> Aksesoris Lainnya | F4: =IFERROR(__xludf.DUMMYFUNCTION("""COMPUTED_VALUE"""),"ACOME ACC Mini Fan AF002 Dark Blue") -> ACOME ACC Mini Fan AF002 Dark Blue | H4: AIBIMY
A5: =IFERROR(__xludf.DUMMYFUNCTION("""COMPUTED_VALUE"""),"ACOME Microphone AWA-V7B Black") -> ACOME Microphone AWA-V7B Black | C5: =IFERROR(__xludf.DUMMYFUNCTION("""COMPUTED_VALUE"""),"PULSA") -> PULSA | D5: =IFERROR(__xludf.DUMMYFUNCTION("""COMPUTED_VALUE"""),"AUX") -> AUX | F5: =IFERROR(__xludf.DUMMYFUNCTION("""COMPUTED_VALUE"""),"ACOME TF CARD 32G TF WITH Package colourful") -> ACOME TF CARD 32G TF WITH Package colourful | H5: AIMILO
A6: =IFERROR(__xludf.DUMMYFUNCTION("""COMPUTED_VALUE"""),"ACOME OWS bluetooth earphone OpenSoft AE02") -> ACOME OWS bluetooth earphone OpenSoft AE02 | D6: =IFERROR(__xludf.DUMMYFUNCTION("""COMPUTED_VALUE"""),"AUX AV-003 1,5 M") -> AUX AV-003 1,5 M | F6: =IFERROR(__xludf.DUMMYFUNCTION("""COMPUTED_VALUE"""),"ACOME selfie stick SS07A black (SKU RJA-ACOM-0890)") -> ACOME selfie stick SS07A black (SKU RJA-ACOM-0890) | H6: ALIENS
A7: =IFERROR(__xludf.DUMMYFUNCTION("""COMPUTED_VALUE"""),"ACOME selfie stick SS07A black (SKU RJA-ACOM-0890)") -> ACOME selfie stick SS07A black (SKU RJA-ACOM-0890) | D7: =IFERROR(__xludf.DUMMYFUNCTION("""COMPUTED_VALUE"""),"BANDO") -> BANDO | F7: =IFERROR(__xludf.DUMMYFUNCTION("""COMPUTED_VALUE"""),"ACOME selfie stick SS07A black (SKU RJA-ACOM-0903)") -> ACOME selfie stick SS07A black (SKU RJA-ACOM-0903) | H7: AXIS
A8: =IFERROR(__xludf.DUMMYFUNCTION("""COMPUTED_VALUE"""),"ACOME selfie stick SS07A black (SKU RJA-ACOM-0903)") -> ACOME selfie stick SS07A black (SKU RJA-ACOM-0903) | D8: =IFERROR(__xludf.DUMMYFUNCTION("""COMPUTED_VALUE"""),"BATERAI") -> BATERAI | F8: =IFERROR(__xludf.DUMMYFUNCTION("""COMPUTED_VALUE"""),"ACOME ACC Ows Earphone A21 Black (SKU RJA-ACOM-0927)") -> ACOME ACC Ows Earphone A21 Black (SKU RJA-ACOM-0927) | H8: BASEUSE
A9: =IFERROR(__xludf.DUMMYFUNCTION("""COMPUTED_VALUE"""),"ACOME TF CARD 32G TF WITH Package colourful") -> ACOME TF CARD 32G TF WITH Package colourful | D9: =IFERROR(__xludf.DUMMYFUNCTION("""COMPUTED_VALUE"""),"BATOK CHARGER") -> BATOK CHARGER | F9: =IFERROR(__xludf.DUMMYFUNCTION("""COMPUTED_VALUE"""),"ACOME Tws Earphone Inpods AT03 Black (SKU RJA-ACOM-0928)") -> ACOME Tws Earphone Inpods AT03 Black (SKU RJA-ACOM-0928) | H9: DAP
A10: =IFERROR(__xludf.DUMMYFUNCTION("""COMPUTED_VALUE"""),"ACOME Tws Earphone Inpods AT03 Black (SKU RJA-ACOM-0928)") -> ACOME Tws Earphone Inpods AT03 Black (SKU RJA-ACOM-0928) | D10: =IFERROR(__xludf.DUMMYFUNCTION("""COMPUTED_VALUE"""),"BROADCAST") -> BROADCAST | F10: =IFERROR(__xludf.DUMMYFUNCTION("""COMPUTED_VALUE"""),"ACOME TWS Inpods AT09 Black (SKU RJA-ACOM-0931)") -> ACOME TWS Inpods AT09 Black (SKU RJA-ACOM-0931) | H10: DATA
A11: =IFERROR(__xludf.DUMMYFUNCTION("""COMPUTED_VALUE"""),"ACOME Tws Earphone Inpods AT03 Black (SKU RJA-ACOM-0932)") -> ACOME Tws Earphone Inpods AT03 Black (SKU RJA-ACOM-0932) | D11: =IFERROR(__xludf.DUMMYFUNCTION("""COMPUTED_VALUE"""),"CAR CHARGER") -> CAR CHARGER | F11: =IFERROR(__xludf.DUMMYFUNCTION("""COMPUTED_VALUE"""),"ACOME Tws Earphone Inpods AT03 Black (SKU RJA-ACOM-0932)") -> ACOME Tws Earphone Inpods AT03 Black (SKU RJA-ACOM-0932) | H11: FLECO
A12: =IFERROR(__xludf.DUMMYFUNCTION("""COMPUTED_VALUE"""),"ACOME Tws Earphone Inpods AT03 Green") -> ACOME Tws Earphone Inpods AT03 Green | D12: =IFERROR(__xludf.DUMMYFUNCTION("""COMPUTED_VALUE"""),"CARD READER") -> CARD READER | F12: =IFERROR(__xludf.DUMMYFUNCTION("""COMPUTED_VALUE"""),"ACOME TWS Inpods AT09 Black (SKU RJA-ACOM-0941)") -> ACOME TWS Inpods AT09 Black (SKU RJA-ACOM-0941) | H12: GAMEN
A13: =IFERROR(__xludf.DUMMYFUNCTION("""COMPUTED_VALUE"""),"ACOME TWS Inpods AT09 Black (SKU RJA-ACOM-0931)") -> ACOME TWS Inpods AT09 Black (SKU RJA-ACOM-0931) | D13: =IFERROR(__xludf.DUMMYFUNCTION("""COMPUTED_VALUE"""),"CHARGER AKI") -> CHARGER AKI | F13: =IFERROR(__xludf.DUMMYFUNCTION("""COMPUTED_VALUE"""),"ACOME Tws Earphone Inpods AT03 Green") -> ACOME Tws Earphone Inpods AT03 Green | H13: GAN
A14: =IFERROR(__xludf.DUMMYFUNCTION("""COMPUTED_VALUE"""),"ACOME TWS Inpods AT09 Black (SKU RJA-ACOM-0941)") -> ACOME TWS Inpods AT09 Black (SKU RJA-ACOM-0941) | D14: =IFERROR(__xludf.DUMMYFUNCTION("""COMPUTED_VALUE"""),"CONVERTER") -> CONVERTER | F14: =IFERROR(__xludf.DUMMYFUNCTION("""COMPUTED_VALUE"""),"ACOME OWS bluetooth earphone OpenSoft AE02") -> ACOME OWS bluetooth earphone OpenSoft AE02 | H14: HDMI
A15: =IFERROR(__xludf.DUMMYFUNCTION("""COMPUTED_VALUE"""),"ADAPTER 7IN1 TYPE C+ USB A GREY") -> ADAPTER 7IN1 TYPE C+ USB A GREY | D15: =IFERROR(__xludf.DUMMYFUNCTION("""COMPUTED_VALUE"""),"COOLING PAD") -> COOLING PAD | F15: =IFERROR(__xludf.DUMMYFUNCTION("""COMPUTED_VALUE"""),"ACOME ACC Ows Earphone A21 Black (SKU RJA-ACOM-0944)") -> ACOME ACC Ows Earphone A21 Black (SKU RJA-ACOM-0944) | H15: HT
A16: =IFERROR(__xludf.DUMMYFUNCTION("""COMPUTED_VALUE"""),"ANTENA AUX") -> ANTENA AUX | D16: =IFERROR(__xludf.DUMMYFUNCTION("""COMPUTED_VALUE"""),"DOGLE") -> DOGLE | F16: =IFERROR(__xludf.DUMMYFUNCTION("""COMPUTED_VALUE"""),"ADAPTER 7IN1 TYPE C+ USB A GREY") -> ADAPTER 7IN1 TYPE C+ USB A GREY | H16: INDOSAT
A17: =IFERROR(__xludf.DUMMYFUNCTION("""COMPUTED_VALUE"""),"ARC BBQ LIGHTER") -> ARC BBQ LIGHTER | D17: =IFERROR(__xludf.DUMMYFUNCTION("""COMPUTED_VALUE"""),"DONGGLE") -> DONGGLE | F17: =IFERROR(__xludf.DUMMYFUNCTION("""COMPUTED_VALUE"""),"MOUSEPAD GAMER") -> MOUSEPAD GAMER | H17: INFINIX
A18: =IFERROR(__xludf.DUMMYFUNCTION("""COMPUTED_VALUE"""),"AUX 2 IN 1 1 M") -> AUX 2 IN 1 1 M | D18: =IFERROR(__xludf.DUMMYFUNCTION("""COMPUTED_VALUE"""),"FAN") -> FAN | F18: =IFERROR(__xludf.DUMMYFUNCTION("""COMPUTED_VALUE"""),"ANTENA AUX") -> ANTENA AUX | H18: IPHONE
A19: =IFERROR(__xludf.DUMMYFUNCTION("""COMPUTED_VALUE"""),"AUX 2 IN 1 1,5 M") -> AUX 2 IN 1 1,5 M | D19: =IFERROR(__xludf.DUMMYFUNCTION("""COMPUTED_VALUE"""),"FLASHDISK") -> FLASHDISK | F19: =IFERROR(__xludf.DUMMYFUNCTION("""COMPUTED_VALUE"""),"ARC BBQ LIGHTER") -> ARC BBQ LIGHTER | H19: Iphone
A20: =IFERROR(__xludf.DUMMYFUNCTION("""COMPUTED_VALUE"""),"AUX ACCESORIES") -> AUX ACCESORIES | D20: =IFERROR(__xludf.DUMMYFUNCTION("""COMPUTED_VALUE"""),"GURITA") -> GURITA | F20: =IFERROR(__xludf.DUMMYFUNCTION("""COMPUTED_VALUE"""),"AUX 2 IN 1 1,5 M") -> AUX 2 IN 1 1,5 M | H20: J
A21: =IFERROR(__xludf.DUMMYFUNCTION("""COMPUTED_VALUE"""),"AUX ALIEN") -> AUX ALIEN | D21: =IFERROR(__xludf.DUMMYFUNCTION("""COMPUTED_VALUE"""),"HANDFREE") -> HANDFREE | F21: =IFERROR(__xludf.DUMMYFUNCTION("""COMPUTED_VALUE"""),"AUX 2 IN 1 1 M") -> AUX 2 IN 1 1 M | H21: JASPAN
A22: =IFERROR(__xludf.DUMMYFUNCTION("""COMPUTED_VALUE"""),"AUX AV-003 (SKU RJA-AUXA-0066)") -> AUX AV-003 (SKU RJA-AUXA-0066) | D22: =IFERROR(__xludf.DUMMYFUNCTION("""COMPUTED_VALUE"""),"HDMI") -> HDMI | F22: =IFERROR(__xludf.DUMMYFUNCTION("""COMPUTED_VALUE"""),"AUX ACCESORIES") -> AUX ACCESORIES | H22: JOYSEUS
A23: =IFERROR(__xludf.DUMMYFUNCTION("""COMPUTED_VALUE"""),"AUX AV-003 (SKU RJA-AUXA-0067)") -> AUX AV-003 (SKU RJA-AUXA-0067) | D23: =IFERROR(__xludf.DUMMYFUNCTION("""COMPUTED_VALUE"""),"HEADPHONE") -> HEADPHONE | F23: =IFERROR(__xludf.DUMMYFUNCTION("""COMPUTED_VALUE"""),"AUX AV-005 1,5") -> AUX AV-005 1,5 | H23: LANEX
A24: =IFERROR(__xludf.DUMMYFUNCTION("""COMPUTED_VALUE"""),"AUX AV-005 1,5") -> AUX AV-005 1,5 | D24: =IFERROR(__xludf.DUMMYFUNCTION("""COMPUTED_VALUE"""),"HEADSET") -> HEADSET | F24: =IFERROR(__xludf.DUMMYFUNCTION("""COMPUTED_VALUE"""),"AUX ALIEN") -> AUX ALIEN | H24: LAQUE
A25: =IFERROR(__xludf.DUMMYFUNCTION("""COMPUTED_VALUE"""),"AUX CABLE LENYES LIGHTNING TO 3.5MM") -> AUX CABLE LENYES LIGHTNING TO 3.5MM | D25: =IFERROR(__xludf.DUMMYFUNCTION("""COMPUTED_VALUE"""),"HOLDER") -> HOLDER | F25: =IFERROR(__xludf.DUMMYFUNCTION("""COMPUTED_VALUE"""),"AUX AV-003 (SKU RJA-AUXA-0066)") -> AUX AV-003 (SKU RJA-AUXA-0066) | H25: LENYES
A26: =IFERROR(__xludf.DUMMYFUNCTION("""COMPUTED_VALUE"""),"AUX DAP 3 CABANG D-AU06") -> AUX DAP 3 CABANG D-AU06 | D26: =IFERROR(__xludf.DUMMYFUNCTION("""COMPUTED_VALUE"""),"Holder") -> Holder | F26: =IFERROR(__xludf.DUMMYFUNCTION("""COMPUTED_VALUE"""),"AUX AV-003 (SKU RJA-AUXA-0067)") -> AUX AV-003 (SKU RJA-AUXA-0067) | H26: LOG ON
A27: =IFERROR(__xludf.DUMMYFUNCTION("""COMPUTED_VALUE"""),"AUX DAP D-AU07") -> AUX DAP D-AU07 | D27: =IFERROR(__xludf.DUMMYFUNCTION("""COMPUTED_VALUE"""),"HUB") -> HUB | F27: =IFERROR(__xludf.DUMMYFUNCTION("""COMPUTED_VALUE"""),"AUX DAP D-AU07") -> AUX DAP D-AU07 | H27: METIKO
A28: =IFERROR(__xludf.DUMMYFUNCTION("""COMPUTED_VALUE"""),"AUX DAP D-AU08") -> AUX DAP D-AU08 | D28: =IFERROR(__xludf.DUMMYFUNCTION("""COMPUTED_VALUE"""),"JEMPOL") -> JEMPOL | F28: =IFERROR(__xludf.DUMMYFUNCTION("""COMPUTED_VALUE"""),"AUX DAP D-AU08") -> AUX DAP D-AU08 | H28: MINIMO
A29: =IFERROR(__xludf.DUMMYFUNCTION("""COMPUTED_VALUE"""),"AUX DAP D-AU09") -> AUX DAP D-AU09 | D29: =IFERROR(__xludf.DUMMYFUNCTION("""COMPUTED_VALUE"""),"KABEL") -> KABEL | F29: =IFERROR(__xludf.DUMMYFUNCTION("""COMPUTED_VALUE"""),"AUX DAP D-AU09") -> AUX DAP D-AU09 | H29: NO BRAND
A30: =IFERROR(__xludf.DUMMYFUNCTION("""COMPUTED_VALUE"""),"AUX DAP D-AU12") -> AUX DAP D-AU12 | D30: =IFERROR(__xludf.DUMMYFUNCTION("""COMPUTED_VALUE"""),"KABEL DATA") -> KABEL DATA | F30: =IFERROR(__xludf.DUMMYFUNCTION("""COMPUTED_VALUE"""),"AUX DAP D-AU13") -> AUX DAP D-AU13 | H30: No Brand
A31: =IFERROR(__xludf.DUMMYFUNCTION("""COMPUTED_VALUE"""),"AUX DAP D-AU13") -> AUX DAP D-AU13 | D31: =IFERROR(__xludf.DUMMYFUNCTION("""COMPUTED_VALUE"""),"Kabel data") -> Kabel data | F31: =IFERROR(__xludf.DUMMYFUNCTION("""COMPUTED_VALUE"""),"AUX DAP D-AU12") -> AUX DAP D-AU12 | H31: OLIKE
A32: =IFERROR(__xludf.DUMMYFUNCTION("""COMPUTED_VALUE"""),"AUX DAP D-AU19") -> AUX DAP D-AU19 | D32: =IFERROR(__xludf.DUMMYFUNCTION("""COMPUTED_VALUE"""),"KEYBOARD") -> KEYBOARD | F32: =IFERROR(__xludf.DUMMYFUNCTION("""COMPUTED_VALUE"""),"AUX DAP D-AU19") -> AUX DAP D-AU19 | H32: OPP
A33: =IFERROR(__xludf.DUMMYFUNCTION("""COMPUTED_VALUE"""),"AUX GOLD SIKU") -> AUX GOLD SIKU | D33: =IFERROR(__xludf.DUMMYFUNCTION("""COMPUTED_VALUE"""),"KIPAS") -> KIPAS | F33: =IFERROR(__xludf.DUMMYFUNCTION("""COMPUTED_VALUE"""),"AUX DAP 3 CABANG D-AU06") -> AUX DAP 3 CABANG D-AU06 | H33: OPPO
A34: =IFERROR(__xludf.DUMMYFUNCTION("""COMPUTED_VALUE"""),"AUX TO FEMALE DAN MALE") -> AUX TO FEMALE DAN MALE | D34: =IFERROR(__xludf.DUMMYFUNCTION("""COMPUTED_VALUE"""),"LAIN LAIN") -> LAIN LAIN | F34: =IFERROR(__xludf.DUMMYFUNCTION("""COMPUTED_VALUE"""),"AUX GOLD SIKU") -> AUX GOLD SIKU | H34: ORAIMO
A35: =IFERROR(__xludf.DUMMYFUNCTION("""COMPUTED_VALUE"""),"AUX TO USB") -> AUX TO USB | D35: =IFERROR(__xludf.DUMMYFUNCTION("""COMPUTED_VALUE"""),"LAMPU") -> LAMPU | F35: =IFERROR(__xludf.DUMMYFUNCTION("""COMPUTED_VALUE"""),"AUX TO FEMALE DAN MALE") -> AUX TO FEMALE DAN MALE | H35: Ori
A36: =IFERROR(__xludf.DUMMYFUNCTION("""COMPUTED_VALUE"""),"BACK COVER ANTIGORES") -> BACK COVER ANTIGORES | D36: =IFERROR(__xludf.DUMMYFUNCTION("""COMPUTED_VALUE"""),"MIX") -> MIX | F36: =IFERROR(__xludf.DUMMYFUNCTION("""COMPUTED_VALUE"""),"AUX TO USB") -> AUX TO USB | H36: OWS
A37: =IFERROR(__xludf.DUMMYFUNCTION("""COMPUTED_VALUE"""),"BATERAI ADVAN") -> BATERAI ADVAN | D37: =IFERROR(__xludf.DUMMYFUNCTION("""COMPUTED_VALUE"""),"MMC") -> MMC | F37: =IFERROR(__xludf.DUMMYFUNCTION("""COMPUTED_VALUE"""),"BACK COVER ANTIGORES") -> BACK COVER ANTIGORES | H37: PERDANA AXIS
A38: =IFERROR(__xludf.DUMMYFUNCTION("""COMPUTED_VALUE"""),"BATERAI SAMSUNG") -> BATERAI SAMSUNG | D38: =IFERROR(__xludf.DUMMYFUNCTION("""COMPUTED_VALUE"""),"MOUSE") -> MOUSE | F38: =IFERROR(__xludf.DUMMYFUNCTION("""COMPUTED_VALUE"""),"BATERAI SAMSUNG") -> BATERAI SAMSUNG | H38: PERDANA ISAT
A39: =IFERROR(__xludf.DUMMYFUNCTION("""COMPUTED_VALUE"""),"BATEREAI ANDROMAX") -> BATEREAI ANDROMAX | D39: =IFERROR(__xludf.DUMMYFUNCTION("""COMPUTED_VALUE"""),"MOUSEPAD") -> MOUSEPAD | F39: =IFERROR(__xludf.DUMMYFUNCTION("""COMPUTED_VALUE"""),"BATERAI ADVAN") -> BATERAI ADVAN | H39: PERDANA TSEL
A40: =IFERROR(__xludf.DUMMYFUNCTION("""COMPUTED_VALUE"""),"BATOK CHARGER RT-K10S") -> BATOK CHARGER RT-K10S | D40: =IFERROR(__xludf.DUMMYFUNCTION("""COMPUTED_VALUE"""),"OTG") -> OTG | F40: =IFERROR(__xludf.DUMMYFUNCTION("""COMPUTED_VALUE"""),"BATEREAI ANDROMAX") -> BATEREAI ANDROMAX | H40: PM-50
A41: =IFERROR(__xludf.DUMMYFUNCTION("""COMPUTED_VALUE"""),"Batok Ori 100% GAN , P-70 200watt ( 3usb + 3PD )") -> Batok Ori 100% GAN , P-70 200watt ( 3usb + 3PD ) | D41: =IFERROR(__xludf.DUMMYFUNCTION("""COMPUTED_VALUE"""),"POINTER") -> POINTER | F41: =IFERROR(__xludf.DUMMYFUNCTION("""COMPUTED_VALUE"""),"Batok Ori 100% Iphone USB-C 25W Power Adapter") -> Batok Ori 100% Iphone USB-C 25W Power Adapter | H41: POCO
A42: =IFERROR(__xludf.DUMMYFUNCTION("""COMPUTED_VALUE"""),"Batok Ori 100% Iphone 14 Pro Max 50W") -> Batok Ori 100% Iphone 14 Pro Max 50W | D42: =IFERROR(__xludf.DUMMYFUNCTION("""COMPUTED_VALUE"""),"POWERBANK") -> POWERBANK | F42: =IFERROR(__xludf.DUMMYFUNCTION("""COMPUTED_VALUE"""),"Batok Ori 99% Iphone14 , 35W") -> Batok Ori 99% Iphone14 , 35W | H42: REALME
A43: =IFERROR(__xludf.DUMMYFUNCTION("""COMPUTED_VALUE"""),"Batok Ori 100% Iphone USB-C 25W Power Adapter") -> Batok Ori 100% Iphone USB-C 25W Power Adapter | D43: =IFERROR(__xludf.DUMMYFUNCTION("""COMPUTED_VALUE"""),"REECIEVER") -> REECIEVER | F43: =IFERROR(__xludf.DUMMYFUNCTION("""COMPUTED_VALUE"""),"Batok Ori 100% Iphone 14 Pro Max 50W") -> Batok Ori 100% Iphone 14 Pro Max 50W | H43: RECCI
A44: =IFERROR(__xludf.DUMMYFUNCTION("""COMPUTED_VALUE"""),"Batok Ori 100% Samsung Murni 45W PD Port-C (warna hitam (SKU RJA-BATO-0079)") -> Batok Ori 100% Samsung Murni 45W PD Port-C (warna hitam (SKU RJA-BATO-0079) | D44: =IFERROR(__xludf.DUMMYFUNCTION("""COMPUTED_VALUE"""),"RING LIGHT") -> RING LIGHT | F44: =IFERROR(__xludf.DUMMYFUNCTION("""COMPUTED_VALUE"""),"Batok Ori 99% Samsung 65watt PD Port-C") -> Batok Ori 99% Samsung 65watt PD Port-C | H44: REDMI
A45: =IFERROR(__xludf.DUMMYFUNCTION("""COMPUTED_VALUE"""),"Batok Ori 100% Samsung Murni 45W PD Port-C (warna hitam (SKU RJA-BATO-0081)") -> Batok Ori 100% Samsung Murni 45W PD Port-C (warna hitam (SKU RJA-BATO-0081) | D45: =IFERROR(__xludf.DUMMYFUNCTION("""COMPUTED_VALUE"""),"SPEAKER") -> SPEAKER | F45: =IFERROR(__xludf.DUMMYFUNCTION("""COMPUTED_VALUE"""),"Batok Ori 99% iphone15 pro max , 35W") -> Batok Ori 99% iphone15 pro max , 35W | H45: REDSKULL
A46: =IFERROR(__xludf.DUMMYFUNCTION("""COMPUTED_VALUE"""),"Batok Ori 100% Samsung PD 25W SA-100") -> Batok Ori 100% Samsung PD 25W SA-100 | D46: =IFERROR(__xludf.DUMMYFUNCTION("""COMPUTED_VALUE"""),"SPLINTER") -> SPLINTER | F46: =IFERROR(__xludf.DUMMYFUNCTION("""COMPUTED_VALUE"""),"Batok Ori 100% Samsung Murni 45W PD Port-C (warna hitam (SKU RJA-BATO-0079)") -> Batok Ori 100% Samsung Murni 45W PD Port-C (warna hitam (SKU RJA-BATO-0079) | H46: Redskull
A47: =IFERROR(__xludf.DUMMYFUNCTION("""COMPUTED_VALUE"""),"Batok Ori 99% Iphone14 , 35W") -> Batok Ori 99% Iphone14 , 35W | D47: =IFERROR(__xludf.DUMMYFUNCTION("""COMPUTED_VALUE"""),"STYLUS") -> STYLUS | F47: =IFERROR(__xludf.DUMMYFUNCTION("""COMPUTED_VALUE"""),"Batok Ori 100% Samsung PD 25W SA-100") -> Batok Ori 100% Samsung PD 25W SA-100 | H47: ROBOT
A48: =IFERROR(__xludf.DUMMYFUNCTION("""COMPUTED_VALUE"""),"Batok Ori 99% iphone15 pro max , 35W") -> Batok Ori 99% iphone15 pro max , 35W | D48: =IFERROR(__xludf.DUMMYFUNCTION("""COMPUTED_VALUE"""),"TEMPERED GLASS") -> TEMPERED GLASS | F48: =IFERROR(__xludf.DUMMYFUNCTION("""COMPUTED_VALUE"""),"Batok Ori 100% Samsung Murni 45W PD Port-C (warna hitam (SKU RJA-BATO-0081)") -> Batok Ori 100% Samsung Murni 45W PD Port-C (warna hitam (SKU RJA-BATO-0081) | H48: Robot
A49: =IFERROR(__xludf.DUMMYFUNCTION("""COMPUTED_VALUE"""),"Batok Ori 99% Samsung 65watt PD Port-C") -> Batok Ori 99% Samsung 65watt PD Port-C | C49: Tagihan | D49: =IFERROR(__xludf.DUMMYFUNCTION("""COMPUTED_VALUE"""),"TRAVEL CHAGER") -> TRAVEL CHAGER | F49: =IFERROR(__xludf.DUMMYFUNCTION("""COMPUTED_VALUE"""),"Batok Ori 100% GAN , P-70 200watt ( 3usb + 3PD )") -> Batok Ori 100% GAN , P-70 200watt ( 3usb + 3PD ) | H49: SAMSUNG
A50: =IFERROR(__xludf.DUMMYFUNCTION("""COMPUTED_VALUE"""),"BLUETOOTH BANDO MAX PRO2") -> BLUETOOTH BANDO MAX PRO2 | C50: Tv | D50: =IFERROR(__xludf.DUMMYFUNCTION("""COMPUTED_VALUE"""),"TRAVEL CHARGER") -> TRAVEL CHARGER | F50: =IFERROR(__xludf.DUMMYFUNCTION("""COMPUTED_VALUE"""),"BATOK CHARGER RT-K10S") -> BATOK CHARGER RT-K10S | H50: Samsung
A51: =IFERROR(__xludf.DUMMYFUNCTION("""COMPUTED_VALUE"""),"BLUETOOTH RECEIVER LENYES LR- 208 ( ADA MIC )") -> BLUETOOTH RECEIVER LENYES LR- 208 ( ADA MIC ) | C51: Multifinance | D51: =IFERROR(__xludf.DUMMYFUNCTION("""COMPUTED_VALUE"""),"TRIPOD") -> TRIPOD | F51: =IFERROR(__xludf.DUMMYFUNCTION("""COMPUTED_VALUE"""),"BLUETOOTH BANDO MAX PRO2") -> BLUETOOTH BANDO MAX PRO2 | H51: SANDISK
A52: =IFERROR(__xludf.DUMMYFUNCTION("""COMPUTED_VALUE"""),"BREKET MOTOR STANG") -> BREKET MOTOR STANG | C52: Voucher Game | D52: =IFERROR(__xludf.DUMMYFUNCTION("""COMPUTED_VALUE"""),"TWS") -> TWS | F52: =IFERROR(__xludf.DUMMYFUNCTION("""COMPUTED_VALUE"""),"BLUETOOTH RECEIVER LENYES LR- 208 ( ADA MIC )") -> BLUETOOTH RECEIVER LENYES LR- 208 ( ADA MIC ) | H52: SMART
A53: =IFERROR(__xludf.DUMMYFUNCTION("""COMPUTED_VALUE"""),"CA S AKI 6 IN 1 DC CHARGER") -> CA S AKI 6 IN 1 DC CHARGER | C53: E-Wallet | D53: =IFERROR(__xludf.DUMMYFUNCTION("""COMPUTED_VALUE"""),"Voucher") -> Voucher | F53: =IFERROR(__xludf.DUMMYFUNCTION("""COMPUTED_VALUE"""),"BREKET MOTOR STANG") -> BREKET MOTOR STANG | H53: SONNY
A54: =IFERROR(__xludf.DUMMYFUNCTION("""COMPUTED_VALUE"""),"CALCULATOR AIMILO") -> CALCULATOR AIMILO | C54: Transfer | D54: =IFERROR(__xludf.DUMMYFUNCTION("""COMPUTED_VALUE"""),"WIRELES MIX") -> WIRELES MIX | F54: =IFERROR(__xludf.DUMMYFUNCTION("""COMPUTED_VALUE"""),"CALCULATOR AIMILO") -> CALCULATOR AIMILO | H54: SOONBOX
A55: =IFERROR(__xludf.DUMMYFUNCTION("""COMPUTED_VALUE"""),"CAN OPENER") -> CAN OPENER | F55: =IFERROR(__xludf.DUMMYFUNCTION("""COMPUTED_VALUE"""),"CAN OPENER") -> CAN OPENER | H55: TELKOMSEL
A56: =IFERROR(__xludf.DUMMYFUNCTION("""COMPUTED_VALUE"""),"CAR CHARGER 100W USB OUTPUT 22W TYPE C") -> CAR CHARGER 100W USB OUTPUT 22W TYPE C | F56: =IFERROR(__xludf.DUMMYFUNCTION("""COMPUTED_VALUE"""),"Car Charger Iphone USB-C 20W") -> Car Charger Iphone USB-C 20W | H56: THREE
A57: =IFERROR(__xludf.DUMMYFUNCTION("""COMPUTED_VALUE"""),"CAR CHARGER 6A QUALCOMM 3.0") -> CAR CHARGER 6A QUALCOMM 3.0 | D57: MULTI | F57: =IFERROR(__xludf.DUMMYFUNCTION("""COMPUTED_VALUE"""),"CAR CHARGER DAP D-CCP2") -> CAR CHARGER DAP D-CCP2 | H57: UCOM
A58: =IFERROR(__xludf.DUMMYFUNCTION("""COMPUTED_VALUE"""),"CAR CHARGER COLOKAN CHARGER MOBIL PORT 3.1A AH044") -> CAR CHARGER COLOKAN CHARGER MOBIL PORT 3.1A AH044 | F58: =IFERROR(__xludf.DUMMYFUNCTION("""COMPUTED_VALUE"""),"CAR CHARGER DAP D-CC10M") -> CAR CHARGER DAP D-CC10M | H58: ULTRA
A59: =IFERROR(__xludf.DUMMYFUNCTION("""COMPUTED_VALUE"""),"CAR CHARGER DAP 2 USB D-CC1") -> CAR CHARGER DAP 2 USB D-CC1 | F59: =IFERROR(__xludf.DUMMYFUNCTION("""COMPUTED_VALUE"""),"CAR CHARGER DAP D-CC45") -> CAR CHARGER DAP D-CC45 | H59: VANGO
A60: =IFERROR(__xludf.DUMMYFUNCTION("""COMPUTED_VALUE"""),"CAR CHARGER DAP D-CC10M") -> CAR CHARGER DAP D-CC10M | F60: =IFERROR(__xludf.DUMMYFUNCTION("""COMPUTED_VALUE"""),"CAR CHARGER R20 BLACK") -> CAR CHARGER R20 BLACK | H60: VBOX
A61: =IFERROR(__xludf.DUMMYFUNCTION("""COMPUTED_VALUE"""),"CAR CHARGER DAP D-CC45") -> CAR CHARGER DAP D-CC45 | F61: =IFERROR(__xludf.DUMMYFUNCTION("""COMPUTED_VALUE"""),"CAR CHARGER SM-03") -> CAR CHARGER SM-03 | H61: VIBOX
A62: =IFERROR(__xludf.DUMMYFUNCTION("""COMPUTED_VALUE"""),"CAR CHARGER DAP D-CCIN") -> CAR CHARGER DAP D-CCIN | F62: =IFERROR(__xludf.DUMMYFUNCTION("""COMPUTED_VALUE"""),"CAR CHARGER 6A QUALCOMM 3.0") -> CAR CHARGER 6A QUALCOMM 3.0 | H62: VIV0
A63: =IFERROR(__xludf.DUMMYFUNCTION("""COMPUTED_VALUE"""),"CAR CHARGER DAP D-CCP2") -> CAR CHARGER DAP D-CCP2 | F63: =IFERROR(__xludf.DUMMYFUNCTION("""COMPUTED_VALUE"""),"CAR CHARGER DAP 2 USB D-CC1") -> CAR CHARGER DAP 2 USB D-CC1 | H63: VIVAN
A64: =IFERROR(__xludf.DUMMYFUNCTION("""COMPUTED_VALUE"""),"CAR CHARGER DAP D-CCP5") -> CAR CHARGER DAP D-CCP5 | F64: =IFERROR(__xludf.DUMMYFUNCTION("""COMPUTED_VALUE"""),"CAR CHARGER OLIKE R13 BLACK") -> CAR CHARGER OLIKE R13 BLACK | H64: VIVO
A65: =IFERROR(__xludf.DUMMYFUNCTION("""COMPUTED_VALUE"""),"Car Charger Iphone USB-C 20W") -> Car Charger Iphone USB-C 20W | F65: =IFERROR(__xludf.DUMMYFUNCTION("""COMPUTED_VALUE"""),"CAR CHARGER DAP D-CCP5") -> CAR CHARGER DAP D-CCP5 | H65: WELCOME
A66: =IFERROR(__xludf.DUMMYFUNCTION("""COMPUTED_VALUE"""),"CAR CHARGER JOYSEUS Q4 8A") -> CAR CHARGER JOYSEUS Q4 8A | F66: =IFERROR(__xludf.DUMMYFUNCTION("""COMPUTED_VALUE"""),"CAR CHARGER COLOKAN CHARGER MOBIL PORT 3.1A AH044") -> CAR CHARGER COLOKAN CHARGER MOBIL PORT 3.1A AH044 | H66: WINSI
A67: =IFERROR(__xludf.DUMMYFUNCTION("""COMPUTED_VALUE"""),"CAR CHARGER OLIKE R13 BLACK") -> CAR CHARGER OLIKE R13 BLACK | F67: =IFERROR(__xludf.DUMMYFUNCTION("""COMPUTED_VALUE"""),"CAR CHARGER 100W USB OUTPUT 22W TYPE C") -> CAR CHARGER 100W USB OUTPUT 22W TYPE C | H67: WSTER
A68: =IFERROR(__xludf.DUMMYFUNCTION("""COMPUTED_VALUE"""),"CAR CHARGER R20 BLACK") -> CAR CHARGER R20 BLACK | F68: =IFERROR(__xludf.DUMMYFUNCTION("""COMPUTED_VALUE"""),"CAR CHARGER DAP D-CCIN") -> CAR CHARGER DAP D-CCIN | H68: XIAOMI
A69: =IFERROR(__xludf.DUMMYFUNCTION("""COMPUTED_VALUE"""),"CAR CHARGER SM-03") -> CAR CHARGER SM-03 | F69: =IFERROR(__xludf.DUMMYFUNCTION("""COMPUTED_VALUE"""),"CAR CHARGER JOYSEUS Q4 8A") -> CAR CHARGER JOYSEUS Q4 8A | H69: XL
A70: =IFERROR(__xludf.DUMMYFUNCTION("""COMPUTED_VALUE"""),"CARD RADER LO-CR06 4IN1") -> CARD RADER LO-CR06 4IN1 | F70: =IFERROR(__xludf.DUMMYFUNCTION("""COMPUTED_VALUE"""),"CARD READER FLECO CR22") -> CARD READER FLECO CR22 | H70: #REF!
A71: =IFERROR(__xludf.DUMMYFUNCTION("""COMPUTED_VALUE"""),"CARD READER FLECO CR22") -> CARD READER FLECO CR22 | F71: =IFERROR(__xludf.DUMMYFUNCTION("""COMPUTED_VALUE"""),"CARD READER VIBOX") -> CARD READER VIBOX
A72: =IFERROR(__xludf.DUMMYFUNCTION("""COMPUTED_VALUE"""),"CARD READER VIBOX") -> CARD READER VIBOX | F72: =IFERROR(__xludf.DUMMYFUNCTION("""COMPUTED_VALUE"""),"CARD RADER LO-CR06 4IN1") -> CARD RADER LO-CR06 4IN1
A73: =IFERROR(__xludf.DUMMYFUNCTION("""COMPUTED_VALUE"""),"CAS AKI 2 IN 1 DC POWER 3 PORT USB") -> CAS AKI 2 IN 1 DC POWER 3 PORT USB | F73: =IFERROR(__xludf.DUMMYFUNCTION("""COMPUTED_VALUE"""),"CAS AKI 2 IN 1 DC POWER 3 PORT USB") -> CAS AKI 2 IN 1 DC POWER 3 PORT USB
A74: =IFERROR(__xludf.DUMMYFUNCTION("""COMPUTED_VALUE"""),"CAS AKI MOTOR /CHARGER MOTOR AKI") -> CAS AKI MOTOR /CHARGER MOTOR AKI | F74: =IFERROR(__xludf.DUMMYFUNCTION("""COMPUTED_VALUE"""),"CA S AKI 6 IN 1 DC CHARGER") -> CA S AKI 6 IN 1 DC CHARGER
A75: =IFERROR(__xludf.DUMMYFUNCTION("""COMPUTED_VALUE"""),"COLOKAN LISTRIK ON/OFF") -> COLOKAN LISTRIK ON/OFF | F75: =IFERROR(__xludf.DUMMYFUNCTION("""COMPUTED_VALUE"""),"CAS AKI MOTOR /CHARGER MOTOR AKI") -> CAS AKI MOTOR /CHARGER MOTOR AKI
A76: =IFERROR(__xludf.DUMMYFUNCTION("""COMPUTED_VALUE"""),"CONVER TER AUDIO DUAL LIGHTING AUDIO DAN CHARGER ADAPTER J-008") -> CONVER TER AUDIO DUAL LIGHTING AUDIO DAN CHARGER ADAPTER J-008 | F76: =IFERROR(__xludf.DUMMYFUNCTION("""COMPUTED_VALUE"""),"COLOKAN LISTRIK ON/OFF") -> COLOKAN LISTRIK ON/OFF
A77: =IFERROR(__xludf.DUMMYFUNCTION("""COMPUTED_VALUE"""),"CONVERTER IPHONE TO AUX JACK 3.5") -> CONVERTER IPHONE TO AUX JACK 3.5 | F77: =IFERROR(__xludf.DUMMYFUNCTION("""COMPUTED_VALUE"""),"CONVERTER IPHONE TO AUX JACK 3.5") -> CONVERTER IPHONE TO AUX JACK 3.5
A78: =IFERROR(__xludf.DUMMYFUNCTION("""COMPUTED_VALUE"""),"COVER CHARGER KARAKTER") -> COVER CHARGER KARAKTER | F78: =IFERROR(__xludf.DUMMYFUNCTION("""COMPUTED_VALUE"""),"CONVER TER AUDIO DUAL LIGHTING AUDIO DAN CHARGER ADAPTER J-008") -> CONVER TER AUDIO DUAL LIGHTING AUDIO DAN CHARGER ADAPTER J-008
A79: =IFERROR(__xludf.DUMMYFUNCTION("""COMPUTED_VALUE"""),"DAP-M02 MICRO TO LIGHTNING") -> DAP-M02 MICRO TO LIGHTNING | F79: =IFERROR(__xludf.DUMMYFUNCTION("""COMPUTED_VALUE"""),"COVER CHARGER KARAKTER") -> COVER CHARGER KARAKTER
A80: =IFERROR(__xludf.DUMMYFUNCTION("""COMPUTED_VALUE"""),"DAP-OTG2N USB 2.0 TO MICRO") -> DAP-OTG2N USB 2.0 TO MICRO | F80: =IFERROR(__xludf.DUMMYFUNCTION("""COMPUTED_VALUE"""),"DAP-M02 MICRO TO LIGHTNING") -> DAP-M02 MICRO TO LIGHTNING
A81: =IFERROR(__xludf.DUMMYFUNCTION("""COMPUTED_VALUE"""),"Data Cable ROBOT RAC100S Type-C 2.4A Colorful 100CM") -> Data Cable ROBOT RAC100S Type-C 2.4A Colorful 100CM | F81: =IFERROR(__xludf.DUMMYFUNCTION("""COMPUTED_VALUE"""),"DAP-OTG2N USB 2.0 TO MICRO") -> DAP-OTG2N USB 2.0 TO MICRO
A82: =IFERROR(__xludf.DUMMYFUNCTION("""COMPUTED_VALUE"""),"Data Cable ROBOT RAM100S Micro 2.4A Colorful 100CM") -> Data Cable ROBOT RAM100S Micro 2.4A Colorful 100CM | F82: =IFERROR(__xludf.DUMMYFUNCTION("""COMPUTED_VALUE"""),"Data Cable VIVAN VW01 2 IN 1 Type-C TO Type-C+Apple Watch 60W White 120CM (SKU RJA-DATA-0298)") -> Data Cable VIVAN VW01 2 IN 1 Type-C TO Type-C+Apple Watch 60W White 120CM (SKU RJA-DATA-0298)
A83: =IFERROR(__xludf.DUMMYFUNCTION("""COMPUTED_VALUE"""),"Data Cable ROBOT RBM100 II Micro 2.1A Mini Black&White 100CM (SKU RJA-DATA-0346)") -> Data Cable ROBOT RBM100 II Micro 2.1A Mini Black&White 100CM (SKU RJA-DATA-0346) | F83: =IFERROR(__xludf.DUMMYFUNCTION("""COMPUTED_VALUE"""),"Data Cable VIVAN VW01 2 IN 1 Type-C TO Type-C+Apple Watch 60W White 120CM (SKU RJA-DATA-0299)") -> Data Cable VIVAN VW01 2 IN 1 Type-C TO Type-C+Apple Watch 60W White 120CM (SKU RJA-DATA-0299)
A84: =IFERROR(__xludf.DUMMYFUNCTION("""COMPUTED_VALUE"""),"Data Cable ROBOT RBM100 II Micro 2.1A Mini Black&White 100CM (SKU RJA-DATA-0507)") -> Data Cable ROBOT RBM100 II Micro 2.1A Mini Black&White 100CM (SKU RJA-DATA-0507) | F84: =IFERROR(__xludf.DUMMYFUNCTION("""COMPUTED_VALUE"""),"Data Cable ROBOT RCOCC100 Coffee Cup Type-C To Type-C 60W Colorful (SKU RJA-DATA-0319)") -> Data Cable ROBOT RCOCC100 Coffee Cup Type-C To Type-C 60W Colorful (SKU RJA-DATA-0319)
A85: =IFERROR(__xludf.DUMMYFUNCTION("""COMPUTED_VALUE"""),"Data Cable ROBOT RC30 USB To Type-C 3A Colorful 30CM (SKU RJA-DATA-0358)") -> Data Cable ROBOT RC30 USB To Type-C 3A Colorful 30CM (SKU RJA-DATA-0358) | F85: =IFERROR(__xludf.DUMMYFUNCTION("""COMPUTED_VALUE"""),"Data Cable ROBOT RGCL100S Type-C To Lightning 3A 27W Colorful 100CM (SKU RJA-DATA-0324)") -> Data Cable ROBOT RGCL100S Type-C To Lightning 3A 27W Colorful 100CM (SKU RJA-DATA-0324)
A86: =IFERROR(__xludf.DUMMYFUNCTION("""COMPUTED_VALUE"""),"Data Cable ROBOT RC30 USB To Type-C 3A Colorful 30CM (SKU RJA-DATA-0506)") -> Data Cable ROBOT RC30 USB To Type-C 3A Colorful 30CM (SKU RJA-DATA-0506) | F86: =IFERROR(__xludf.DUMMYFUNCTION("""COMPUTED_VALUE"""),"Data Cable ROBOT RUC01 Audio Type-C TO Two Type-C F White 2.4A 0.12CM (SKU RJA-DATA-0340)") -> Data Cable ROBOT RUC01 Audio Type-C TO Two Type-C F White 2.4A 0.12CM (SKU RJA-DATA-0340)
A87: =IFERROR(__xludf.DUMMYFUNCTION("""COMPUTED_VALUE"""),"Data Cable ROBOT RCOCC100 Coffee Cup Type-C To Type-C 60W Colorful (SKU RJA-DATA-0319)") -> Data Cable ROBOT RCOCC100 Coffee Cup Type-C To Type-C 60W Colorful (SKU RJA-DATA-0319) | F87: =IFERROR(__xludf.DUMMYFUNCTION("""COMPUTED_VALUE"""),"Data Cable ROBOT RZCC100 Type-C To Type-C 60W Golden 100CM (SKU RJA-DATA-0341)") -> Data Cable ROBOT RZCC100 Type-C To Type-C 60W Golden 100CM (SKU RJA-DATA-0341)
A88: =IFERROR(__xludf.DUMMYFUNCTION("""COMPUTED_VALUE"""),"Data Cable ROBOT RCOCC100 Coffee Cup Type-C To Type-C 60W Colorful (SKU RJA-DATA-0505)") -> Data Cable ROBOT RCOCC100 Coffee Cup Type-C To Type-C 60W Colorful (SKU RJA-DATA-0505) | F88: =IFERROR(__xludf.DUMMYFUNCTION("""COMPUTED_VALUE"""),"Data Cable ROBOT RZC100 USB To Type-C 66W Golden 100CM (SKU RJA-DATA-0342)") -> Data Cable ROBOT RZC100 USB To Type-C 66W Golden 100CM (SKU RJA-DATA-0342)
A89: =IFERROR(__xludf.DUMMYFUNCTION("""COMPUTED_VALUE"""),"Data Cable ROBOT RGBC100 USB To Type-C 3A RGB Colorful Lamp Black 100CM (SKU RJA-DATA-0345)") -> Data Cable ROBOT RGBC100 USB To Type-C 3A RGB Colorful Lamp Black 100CM (SKU RJA-DATA-0345) | F89: =IFERROR(__xludf.DUMMYFUNCTION("""COMPUTED_VALUE"""),"Data Cable ROBOT RGCC100S Type-C To Type-C 3A 60W Colorful 100CM (SKU RJA-DATA-0343)") -> Data Cable ROBOT RGCC100S Type-C To Type-C 3A 60W Colorful 100CM (SKU RJA-DATA-0343)
A90: =IFERROR(__xludf.DUMMYFUNCTION("""COMPUTED_VALUE"""),"Data Cable ROBOT RGBC100 USB To Type-C 3A RGB Colorful Lamp Black 100CM (SKU RJA-DATA-0504)") -> Data Cable ROBOT RGBC100 USB To Type-C 3A RGB Colorful Lamp Black 100CM (SKU RJA-DATA-0504) | F90: =IFERROR(__xludf.DUMMYFUNCTION("""COMPUTED_VALUE"""),"Data Cable ROBOT RGC100S Type-C 2.4A Colorful 100C4 (SKU RJA-DATA-0344)") -> Data Cable ROBOT RGC100S Type-C 2.4A Colorful 100C4 (SKU RJA-DATA-0344)
A91: =IFERROR(__xludf.DUMMYFUNCTION("""COMPUTED_VALUE"""),"Data Cable ROBOT RGBCL120 Type-C To Lightning 30W RGB Colorful Lamp Black 120CM") -> Data Cable ROBOT RGBCL120 Type-C To Lightning 30W RGB Colorful Lamp Black 120CM | F91: =IFERROR(__xludf.DUMMYFUNCTION("""COMPUTED_VALUE"""),"Data Cable ROBOT RGBC100 USB To Type-C 3A RGB Colorful Lamp Black 100CM (SKU RJA-DATA-0345)") -> Data Cable ROBOT RGBC100 USB To Type-C 3A RGB Colorful Lamp Black 100CM (SKU RJA-DATA-0345)
A92: =IFERROR(__xludf.DUMMYFUNCTION("""COMPUTED_VALUE"""),"Data Cable ROBOT RGC100S Type-C 2.4A Colorful 100C4 (SKU RJA-DATA-0344)") -> Data Cable ROBOT RGC100S Type-C 2.4A Colorful 100C4 (SKU RJA-DATA-0344) | F92: =IFERROR(__xludf.DUMMYFUNCTION("""COMPUTED_VALUE"""),"Data Cable ROBOT RBM100 II Micro 2.1A Mini Black&White 100CM (SKU RJA-DATA-0346)") -> Data Cable ROBOT RBM100 II Micro 2.1A Mini Black&White 100CM (SKU RJA-DATA-0346)
A93: =IFERROR(__xludf.DUMMYFUNCTION("""COMPUTED_VALUE"""),"Data Cable ROBOT RGC100S Type-C 2.4A Colorful 100C4 (SKU RJA-DATA-0502)") -> Data Cable ROBOT RGC100S Type-C 2.4A Colorful 100C4 (SKU RJA-DATA-0502) | F93: =IFERROR(__xludf.DUMMYFUNCTION("""COMPUTED_VALUE"""),"Data Cable ROBOT RXC100 USB To Type-C 3A Black 100CM (SKU RJA-DATA-0350)") -> Data Cable ROBOT RXC100 USB To Type-C 3A Black 100CM (SKU RJA-DATA-0350)
A94: =IFERROR(__xludf.DUMMYFUNCTION("""COMPUTED_VALUE"""),"Data Cable ROBOT RGCC100S Type-C To Type-C 3A 60W Colorful 100CM (SKU RJA-DATA-0343)") -> Data Cable ROBOT RGCC100S Type-C To Type-C 3A 60W Colorful 100CM (SKU RJA-DATA-0343) | F94: =IFERROR(__xludf.DUMMYFUNCTION("""COMPUTED_VALUE"""),"Data Cable ROBOT RXC100 USB To Type-C 3A Black 100CM (SKU RJA-DATA-0357)") -> Data Cable ROBOT RXC100 USB To Type-C 3A Black 100CM (SKU RJA-DATA-0357)
A95: =IFERROR(__xludf.DUMMYFUNCTION("""COMPUTED_VALUE"""),"Data Cable ROBOT RGCC100S Type-C To Type-C 3A 60W Colorful 100CM (SKU RJA-DATA-0497)") -> Data Cable ROBOT RGCC100S Type-C To Type-C 3A 60W Colorful 100CM (SKU RJA-DATA-0497) | F95: =IFERROR(__xludf.DUMMYFUNCTION("""COMPUTED_VALUE"""),"Data Cable ROBOT RC30 USB To Type-C 3A Colorful 30CM (SKU RJA-DATA-0358)") -> Data Cable ROBOT RC30 USB To Type-C 3A Colorful 30CM (SKU RJA-DATA-0358)
A96: =IFERROR(__xludf.DUMMYFUNCTION("""COMPUTED_VALUE"""),"Data Cable ROBOT RGCL100S Type-C To Lightning 3A 27W Colorful 100CM (SKU RJA-DATA-0324)") -> Data Cable ROBOT RGCL100S Type-C To Lightning 3A 27W Colorful 100CM (SKU RJA-DATA-0324) | F96: =IFERROR(__xludf.DUMMYFUNCTION("""COMPUTED_VALUE"""),"Data Cable ROBOT RXL100 USB To Lightning 2.4A Black 100CM") -> Data Cable ROBOT RXL100 USB To Lightning 2.4A Black 100CM
A97: =IFERROR(__xludf.DUMMYFUNCTION("""COMPUTED_VALUE"""),"Data Cable ROBOT RGCL100S Type-C To Lightning 3A 27W Colorful 100CM (SKU RJA-DATA-0517)") -> Data Cable ROBOT RGCL100S Type-C To Lightning 3A 27W Colorful 100CM (SKU RJA-DATA-0517) | F97: =IFERROR(__xludf.DUMMYFUNCTION("""COMPUTED_VALUE"""),"Data Cable ROBOT RXCL100 Type-C To Lightning 27W Black 100CM") -> Data Cable ROBOT RXCL100 Type-C To Lightning 27W Black 100CM
A98: =IFERROR(__xludf.DUMMYFUNCTION("""COMPUTED_VALUE"""),"Data Cable ROBOT RGCL100S Type-C To Lightning 3A 27W Colorful 100CM (SKU RJA-DATA-0537)") -> Data Cable ROBOT RGCL100S Type-C To Lightning 3A 27W Colorful 100CM (SKU RJA-DATA-0537) | F98: =IFERROR(__xludf.DUMMYFUNCTION("""COMPUTED_VALUE"""),"Data Cable ROBOT RUC01 Audio Type-C TO Two Type-C F White 2.4A 0.12CM (SKU RJA-DATA-0469)") -> Data Cable ROBOT RUC01 Audio Type-C TO Two Type-C F White 2.4A 0.12CM (SKU RJA-DATA-0469)
A99: =IFERROR(__xludf.DUMMYFUNCTION("""COMPUTED_VALUE"""),"Data Cable ROBOT RUC01 Audio Type-C TO Two Type-C F White 2.4A 0.12CM (SKU RJA-DATA-0340)") -> Data Cable ROBOT RUC01 Audio Type-C TO Two Type-C F White 2.4A 0.12CM (SKU RJA-DATA-0340) | F99: =IFERROR(__xludf.DUMMYFUNCTION("""COMPUTED_VALUE"""),"Data Cable ROBOT RZCC100 Type-C To Type-C 60W Golden 100CM (SKU RJA-DATA-0482)") -> Data Cable ROBOT RZCC100 Type-C To Type-C 60W Golden 100CM (SKU RJA-DATA-0482)
A100: =IFERROR(__xludf.DUMMYFUNCTION("""COMPUTED_VALUE"""),"Data Cable ROBOT RUC01 Audio Type-C TO Two Type-C F White 2.4A 0.12CM (SKU RJA-DATA-0469)") -> Data Cable ROBOT RUC01 Audio Type-C TO Two Type-C F White 2.4A 0.12CM (SKU RJA-DATA-0469) | F100: =IFERROR(__xludf.DUMMYFUNCTION("""COMPUTED_VALUE"""),"Data Cable ROBOT RZC100 USB To Type-C 66W Golden 100CM (SKU RJA-DATA-0496)") -> Data Cable ROBOT RZC100 USB To Type-C 66W Golden 100CM (SKU RJA-DATA-0496)
...
